课	
1	白小红：您好！ 王英：您好！ 白小红：您贵姓？ 王英：我姓王。您呢？ 白小红：我姓白。 王英：您是加拿大人吗? 白小红：不，我不是加拿大人，我是中国人。您是不是加拿大人？ 王英：我是加拿大人。
1	同学们：老师好！ 张老师：同学们好！ 马力：您是不是林老师？ 张老师：我不是林老师，我是张老师。我姓张，叫张林。你叫什么名字？ 马力：我叫马力。 张老师：你是哪国人？ 马力：我是法国人。 张老师：你呢？ 江山：我叫江山，是美国人。 张老师：你也是美国人吗？ 王英：不，我不是美国人。我是加拿大人。 张老师：你说英语还是说法语？ 王英：我说法语。我们都说法语。张老师，您说不说法语？ 张老师：我不说法语。我只说汉语。
2	雅克：你好！我叫雅克。 白小红：你好！我叫白小红。 雅克：认识你很高兴！ 白小红：认识你我也很高兴！ 雅克：我在进出口公司工作，你呢？ 白小红：我在路易大学东亚学系学习。 雅克：可以给你打电话吗？ 白小红：可以。我的电话号码是21570988。 雅克：可以不可以给你发电子邮件？ 白小红：可以，你也可以给我发电子邮件。
2	江山：这是我的女朋友，张园园。 丁汉生：你好！请进！ 张园园：好，好。 丁汉生：请坐。 江山：谢谢。 丁汉生：请喝茶。 张园园：好，谢谢！ 丁汉生：你在哪儿学习？ 张园园：我在英国东方学院东亚学系学习。 丁汉生：哦。东方学院怎么样？ 张园园：很好。很大，也很漂亮。我很喜欢。
3	白小红：你是什么地方人？ 丁汉生：我是浙江人，你呢？ 白小红：我也是浙江人。 丁汉生：你一个人在这儿？ 白小红：一个人。你呢？ 丁汉生：我一家人都在这儿。 白小红：你家有几口人？ 丁汉生：五口。我爸爸，妈妈，我和我太太，一个女儿。 白小红：孩子多大? 丁汉生：两岁。 白小红：很可爱吧？ 丁汉生：是啊，很可爱。
3	雅克：你们学校有多少学生？ 张林：我想，大概有三万个。 雅克：有没有人学习汉语？ 张林：有很多人学习汉语。 雅克：大概有多少人？ 张林：大概有一千个。 雅克：我想去你们学校学习汉语。 张林：是吗？你为什么想学习汉语？ 雅克：我们在中国有一个分公司，老板让我去那儿工作。
4	江山：你有没有中国地图？ 白小红：有。我有两张中国地图。一张中文的，一张法文的。 江山：我看一下，行吗？ 白小红：行。你要中文的还是法文的？ 江山：法文的。 白小红：给。这张地图是法文的。 江山：谢谢！ 白小红：你看中国地图干什么？你想去中国吗？ 江山：是的，我想去中国玩儿。 白小红：那好啊！你看，这是北京。 江山：我知道。 白小红：这是上海。 江山：我知道。 白小红：这是龙山。 江山：龙山？不知道。龙山大不大？ 白小红：比较小。我家在那儿。 江山：这个名字真有意思！那儿有龙吗？ 白小红：那儿没有龙，只有山。
4	马力：这是什么词典？ 江山：汉法词典。 马力：那本呢？ 江山：法汉词典。 马力：这两本词典都是你的吗？ 江山：这本汉法词典是我的，那本法汉词典不是我的。 马力：是谁的？ 江山：不知道。我想，这大概是老师的词典。 马力：老师，请问，这本词典是您的吗？ 张老师：对，是我的。 马力：这本词典怎么样？ 张老师：这本词典非常好，非常有用。 马力：我能不能用一下？ 张老师：当然可以。
5	雅克：你好！ 小姐：哟，您会说汉语？ 雅克：我会说一点儿。 小姐：先生想买什么？ 雅克：我想买一件衬衫。这件白衬衫多少钱？ 小姐：四百二十八块。 雅克：太贵了！那件红衬衫呢？ 小姐：一百六十五块比较便宜，也比较漂亮。 雅克：好，我要拿一件。 小姐：您还要买什么？ 雅克：一条裤子。能不能试一试？ 小姐：当然可以。 小姐：怎么样？ 雅克：这条太大。 小姐：那您试试这条吧，这条不太大。
5	小姐：请坐。请喝茶。 马力，江山，白小红，丁汉生：谢谢！ 小姐：来一点儿什么？ 马力：小姐，你们饭店最好吃的菜是什么？ 小姐：糖醋鱼。 马力：好，来一个糖醋鱼。 江山：我最喜欢吃辣的，你能不能吃辣的？ 白小红：我能吃一点儿。 江山：来个酸辣汤。 小姐：好。要不要来个牛肉？ 丁汉生：可以。来一个红烧牛肉吧。 小姐：还要什么？ 白小红：米饭。 丁汉生：水饺。 马力：来三瓶啤酒。 小姐：好，请等一下。
6	白小红：明天星期六，我们都不上课。你们打算干什么？ 江山：我明天要去打工。 王英：我明天晚上有一个月会。 白小红：白天呢？ 王英：在家里休息。你呢？ 白小红：我想去打球，你们去不去？ 马力：我跟你一起去。 白小红：好啊。王英，你去不去？ 王英：不去。我不喜欢打球。 白小红：那你喜欢干什么？ 王英：我喜欢在家里看电视。
6	白小红：喂！ 马力：是小红吗？ 白小红：是我，您哪位？ 马力：我是马力。 白小红：啊，马力呀，你好！什么事儿？ 马力：我想请你一起去喝咖啡？ 白小红：什么时候？ 马力：今天晚上。行吗？ 白小红：不行。今天晚上我不能跟你一起喝咖啡。今天晚上我很忙，我要去看一位朋友，还要做功课。对不起！ 马力：没关系。明天晚上怎么样？ 白小红：明天晚上我有空儿。几点钟？ 马力：八点半，行吗？ 白小红：行。在哪儿见面？ 马力：明天晚上八点一刻我去接你。 白小红：好吧。谢谢！ 马力：再见！ 白小红：再见！
7	丁汉生：你门什么时候放假? 江山：四月下旬。 丁汉生：放假以后你打算干什么？ 江山：我想去中国旅行。 丁汉生：要去很多地方吧？ 江山：是啊，上海，四川，云南…… 丁汉生：什么时候去？ 江山：五月中旬或者下旬。 丁汉生：什么时候回来？ 江山：我打算七月一号以前回来。 丁汉生：你一个人去吗？ 江山：不，跟我的女朋友一起去。可是，我们的汉语不太好，我有点儿担心。 丁汉生：你别担心。我在上海，四川都有朋友，可以请他们帮助你。
7	雅克：请问，可以进来吗？ 老师：你找谁？ 雅克：我找王老师。 老师：哪位王老师？我们这儿有两位王老师。 雅克：我不知道她叫什么名字。她是女的。 老师：这儿的老师都是女的。 雅克：他带一副眼镜。 老师：在我们这儿，每位老师都戴眼镜。 雅克：她瘦瘦的，高高的，头发长长的，穿一条牛仔裤。 老师：哦，你要找王欢老师，她刚出去。 雅克：她大概什么时候回来？ 老师：不知道。你过一会儿再来看看吧。
8	江山：请问，附近有没有银行？ 行人：有。附近有一个中国银行. 江山：离这儿远不远？ 行人：不太远。 江山：怎么走？ 行人：往前走一点儿，往右拐，过两条马路，就是中国银行。 江山：附近有没有邮局? 行人：有。邮局就在那个银行的旁边。 江山：谢谢您！ 行人：不客气。
8	江山：我们现在怎么去市中心呢？ 张园园：有人告诉我，可以坐地铁去。 江山：你知道怎么走吗？ 张园园：不知道。 江山：我们问一下吧。 张园园：同学，请问从这儿到市中心怎么走？ 学生：你在学校门口坐139路公共汽车，坐五站，然后换地铁，坐两站，从地铁站出来，就是市中心。 张园园：地铁站离汽车站远不远？ 学生：不远。你下车以后往右拐，过马路，就是地铁站。 江山：能不能骑自行车去？ 学生：不行，太远了！
9	江山：老人家，这只小狗真可爱。 老人：是啊。我以前养过花儿，养过鸟儿，但是不喜欢养狗。来这儿以后，这儿的人都喜欢养狗，我也养狗了。 江山：听说在中国城市里不能养狗，是吗？ 老人：以前不行，现在可以了。有的人喜欢养狗，有的人喜欢养猫，有的人喜欢养鸟儿，还有的人喜欢养鱼……你也喜欢养小动物？ 江山：我喜欢小动物，但是不养小动物。 老人：为什么？是不是太麻烦？ 江山：不是。因为我没有时间，也没有钱。我只能养我自己。
9	白小红：听说，你要去上海了？ 雅克：对啊。公司让我去上海办点儿事儿。 白小红：什么时候走？ 雅克：下星期三。 白小红：你对北京很熟悉了吧？ 雅克：当然。你看这些照片。这是故宫，这是颐和园…… 白小红：你登过长城吗？ 雅克：“不到长城非好汉”，我怎么能不登长城呢？ 白小红：你还去过别的城市吗？ 雅克：上海，西安，成都……我都去过。可是有一个地方我还没去过。 白小红：什么地方？ 雅克：你的家。 白小红：欢迎你去呀！要是你想去的话，我陪你一起去。但是你得给我买机票。
10	老师：大家都来了吗？ 马力：王英还没来，别的同学都来了。 老师：王英怎么啦？ 马力：不知道。 里奇：她住学生宿舍，每天在学校餐厅吃早饭。 田中：我想，现在她可能正在吃早饭。 金容南：大概还在睡觉呢。 里奇：不可能，她肯定已经起床了。 张园园：你们都错了。王英去医院了。 老师：怎么，她病了吗？ 张园园：她有点儿不舒服。
10	王英：医生，我肚子疼。 医生：你是不是吃了不干净的东西？ 王英：没有啊。 医生：今天早上吃了什么？ 王英：吃了几片面包，喝了一杯牛奶。……不过，昨天晚上朋友请客，我们去了学校附近的一个饭店，我吃了很多生鱼片。 医生：可能生鱼片不太新鲜。你得吃药，还得…… 王英：对不起…… 医生：别着急，我还没说完呢。你得吃药，还得…… 王英：对不起，厕所在哪儿？
11	高一飞：早饭吃了吗？ 马力：还没有呢。哦，对了，你昨天买的那张新地图，能不能借我用一下？ 高一飞：行啊，到我房间去拿吧。怎么，你要出去？ 高一飞：吃了早饭，我要陪我爸妈去历史博物馆。 马力：你父母亲来了？ 高一飞：是啊。 马力：他们是什么时候来的？ 高一飞：上个星期。 马力：是从法国来的吗？ 高一飞：不是。他们先去了香港，然后去了北京，上个星期从北京坐火车来的。 马力：他们以前没来过中国吧？ 高一飞：不，来过，这已经是第六次了。他们对中国的经济，文化非常感兴趣。 马力：啊，是两位“中国通”。
11	马力：下课啦？ 王英：下课了。你去那儿？ 马力：去图书馆还书。 王英：怎么书？ 马力：一本美国人写的书，书名叫《怎么跟中国人做生意》你看过吗？ 王英：听说过，没看过。这本书怎么样？ 马力：很不错。你也应该看看。 王英：那你别还了，给我看一下。 马力：恐怕不行。就要过期了。 王英：这本书是什么时候借的？ 马力：上个月二十号。快一个月了。 王英：过了期会罚款吧？ 马力：那当然。图书馆有规定，要是过期不还，每天罚一块钱。 王英：哇，怎么厉害！那算了，你快点儿去还吧。
12	马力：今天你穿得真漂亮啊。 里奇：我今天有“外事”活动。 马力：外事活动？去见中国国家主席，还是美国总统？ 里奇：都不是。去见我女朋友的父母亲。这是我第一次去她家。 马力：你女朋友是谁呀？ 里奇：你不知道？就是小张啊。 马力：小张？就是那个特别可爱，特别漂亮的女孩子？ 里奇：是啊。 马力：那个唱歌唱得非常好听的女孩子？ 里奇：是啊。 马力：那个跳舞跳得特别优美的女孩子？ 里奇：是啊。 马力：她是你女朋友？ 里奇：是啊。 马力：你们什么时候认识的？ 里奇：去年。你还有什么问题？ 马力：没有了。嗨，我……太晚了！ 里奇：太晚了？你什么意思？
12	高一飞：祝你生日快乐！ 小张：谢谢！ 马力：这是我送给你的一件小礼物。你属龙，送你一条玉龙。 小张：哎呀，你太客气了，谢谢！来，咱们吃蛋糕吧。 马力：你看，蛋糕上写的是什么？ 高一飞：这不是“生日快乐”四个字吗？ 马力：哦，“生日快乐”……小张，祝你越来越漂亮，越来越年轻，今年二十，明年十八。 里奇：今天马力的汉语说得特别流利。 马力：我呀，酒喝得越多，汉语就说得越流利。 小张：啊，我明白了，你的意思是…… 里奇：他还想再喝一杯。 马力：好吧。来，干杯！
13	里奇：真热呀！ 高一飞：热？ 里奇：你不热？ 高一飞：还可以。 里奇：今天的天气预报你听了没有？ 高一飞：听了。最高温度三十一度，还不是最热的时候。 里奇：现在你家乡的天气怎么样？有这么热吗？ 高一飞：比这儿更热。你家乡呢？ 里奇：没有这么热。我家乡的夏天比这儿凉快多了。 高一飞：那冬天呢？ 里奇：比这儿冷一点儿，最低温度零下八度左右。 高一飞：那么冷啊。 里奇：不过，房间里都有暖气，非常暖和，一点儿也不冷。
13	王英：你家乡的天气跟这儿一样吗？ 高一飞：差不多。冬天很冷，我们常常去滑雪；夏天很热，我们常常去游泳。你家乡呢？ 王英：我家乡的天气比这儿好。我们的冬天比这儿来得晚，我们的春天比这儿来得早。 高一飞：也就是说，冬天比较短。 王英：也没有这么冷。 高一飞：夏天呢？ 王英：没有这么热。 高一飞：是个好地方。 王英：是啊。你最喜欢什么季节？ 高一飞：秋天。那时候很少下雨，也不刮风，天气好极了。 王英：我跟你一样，也喜欢秋天。那时候，我家乡的枫叶都红了，美丽极了。
14	高一飞：你大概是北方人吗？ 小张：是啊，我老家在东北。 高一飞：你家在城市还是在农村？ 小张：在农村。我家北边是山，南边是河。 高一飞：那一定空气新鲜，环境优美，真是个好地方。 小张：好什么呀！交通一点儿也不方便。你家也在农村吗？ 高一飞：不，我家在市中心。 小张：那儿一定很热闹。 高一飞：是啊，我家东边，西边有很多商店，还有不少饭店，前面是马路，从早到晚，车水马龙。 小张：那多好哇！ 高一飞：好什么！吵死了！
14	李小雨：你家在东部还是西部？ 马力：我家在东部。 李小雨：你家大不大？ 马力：比较大。我家是一个两层小楼，还有一个地下室。小楼后面是一个车库。 李小雨：你家有院子吗？ 马力：有。我家前面是一个小院子，院子里有很多树和花儿。 李小雨：从你家到学校远不远？ 马力：还可以。我每天开车去学校，大概需要半个小时。 李小雨：你家离海远吗？ 马力：不远，我常常去海边。吃完晚饭，我就跟安娜一起去海边散步。 李小雨：你女朋友也喜欢去海边？ 马力：女朋友？谁是我女朋友？ 李小雨：安娜不是你的女朋友吗？ 马力：不是。按那是我的狗。
15	雅克：你好，我先自我介绍一下，我叫雅克，是加拿大人，很高兴认识你。我学过半年汉语，说得不太好。 陈静：你说的不错。我也自我介绍一下，我是法语专业大学一年级学生，我叫陈静。我学了六年法语了，但是说得不好。 雅克：我听我朋友说，你普通话说得很标准，法语也说得非常流利。 陈静：哪里哪里。我的法语阅读还可以，听力和口语都不太好，写作也不行。所以，我想找一位母语是法语的外国人，练习练习听力和口语。 雅克：太好了！我也想练习练习我的汉语听力和口语。你看，我们一个星期见几次面？ 陈静：三次吧。 雅克：行。每次多长时间？ 陈静：每次练习两个小时法语，一个小时汉语，怎么样？ 雅克：什么？我听得不太清楚。你是不是说，每次练习两个小时汉语，一个小时法语？那好极了！
15	老师：我们先用十分钟时间听写几个句子，每个句子我只说三遍。 马力：难不难？ 老师：很容易。现在开始。第一句：我们骑自行车去，我们不坐汽车去 马力：老师，您说得太快了，请您说得慢一点儿。 老师：好，我再说一遍：我们骑自行车去，我们不坐汽车去。 马力：什么意思？我听得不太清楚。我们……骑汽车去？ 老师：现在我说最后一遍：我们骑自行车去，我们不坐汽车去。 马力：太难了！“自行车”是什么？ 老师：“自行车”，我们不是早就学过了吗？ 马力：对不起，我忘了。那是一种食品吗？ 老师：你呀，太不努力了！ 马力：老师，不是我不努力。昨天晚上我喝酒喝了一个多小时，现在还有点儿糊里糊涂。
16	小黄：是雅克先生吗？ 雅克：对，是我。 小黄：我是小黄。昨天给您打了几次电话，都没打通。您下星期二到没有问题吧。 雅克：看来不行了，要推迟到星期三。星期二的火车票已经卖完了。 小黄：可是，星期三的参观活动都已经安排好了。 雅克：有些什么活动? 小黄：上午参观金融贸易中心，下午去市场看看，晚上我们领导请您吃饭，几家外贸公司的经理也参加。 雅克：那么，我不坐火车了，我坐飞机。我马上去买下个星期二的飞机票。 小黄：买到以后请您给我们发一个传真，告诉我们您的航班。我们去接您。 雅克：没问题。谢谢你！ 小黄：那好，就这样。再见！
16	警察：怎么回事？ 行人：他撞了我。 警察：你骑车的时候没看到她要过马路吗？ 里奇：我穿着雨衣，没看清楚。 行人：他骑得很快，右手还拿着东西。 警察：你过马路的时候，没看见他骑自行车过来吗？ 行人：我打着雨伞，没看清楚。 警察：结果呢？ 里奇，行人：我们都摔到了。 里奇：我的自行车摔坏了。 行人：我的眼镜摔破了。 警察：摔伤了没有？ 行人：不知道。背上有点儿疼。 警察：这样吧，你陪她去医院检查一下身体。检查完以后，你陪他去修自行车。 行人：可是，我要去上班…… 里奇：我要去上课…… 警察：那你们就…… 里奇，行人：再见吧！
17	王英：听说您的房子要出租？ 房东：是的。如果你们想租的话，现在就可以搬进去。 王英：在几楼？ 房东：六楼。上去看看吧？ 王英：有没有电梯？ 房东：没有，得走上去。 张园园：每天，走上走下，太累了。 房东：没关系，还可以锻炼身体呢！请进吧。 张园园：这套房子一个月多少钱？ 房东：三千块。 王英：太贵了！ 房东：一点儿也不贵。你看，这套房子有两个大房间。电视机，电冰箱，洗衣机，电话，都有。还有空调。 张园园：要付押金吗？ 房东：付一千块押金，搬出去的时候还给你。这是合同。 王英：嗯……我们回去想想吧，明天打电话告诉你。这合同我们可以带回去看看吗？ 房东：当然可以。明天我等你们的电话。
17	张园园：这么热的天，房间里没有空调，真让人生气！ 王英：是啊，太不像话了！给钱太太打个电话，看她怎么回答。……是钱太太吗？ 房东：是我。什么事儿？ 王英：空调已经拆下来好几天了，修好了没有啊？ 房东：对不起，还没修好。师傅说，这台空调太旧了，没办法修。 王英：那怎么办？ 房东：看来只好换台新的。 张园园：那就麻烦您快点儿买来装上去。 房东：我一有空儿就去买。 张园园：您什么时候有空儿呢？我们热死了！ 房东：这个……真不好意思，这样吧，我今天下午就去电器商店看一下。如果能买到的话，马上就让商店送过来。
18	高一飞：今天晚上有一场京剧，咱们一起去看吧，怎么样？ 王英：我恐怕听不懂吧。 高一飞：没关系，是武打戏，你听不懂，一定看得懂。 王英：演员有名吗？ 高一飞：我说不出他们的名字，不过报纸上说，那些演员都挺有名的。 王英：票买得到吗？ 高一飞：没问题，肯定买得到。 王英：最好是前面的座位。我眼睛不好，坐在后面看不清楚。 高一飞：你放心吧。 王英：那好，咱们几点出发？ 高一飞：京剧晚上七点开始，咱们六点一刻出发吧。 王英：半个小时赶得到吗？ 高一飞：赶得到。咱们坐出租车去，不堵车的话，一刻钟就到了。
18	李小雨：我……不……不行了。 田中：看，小雨累得连话都说不出来了。 马力：小雨爬不动了，咱们休息休息吧。 李小雨：让我喝点儿水。……到山顶还有多少路？ 小张：咱们才爬了一半儿，还有一半儿。 李小雨：看来，我爬不到山顶了。你们上吧，我在山下等你们。 马力：你呀，平时运动得太少。 李小雨：不是运动的太少，是事儿太多，多得做不完，哪有时间运动？ 马力：不是没有时间，是太懒了吧？ 王英：不能只想着工作，也要注意休息。 田中：我建议你以后每天早上出去跑步。 高一飞：以后我教你打太极拳。 李小雨：你们快走吧，让我在这儿安安静静地休息一会儿。
19	马力：哎呀，我的钱包呢？ 母亲：是不是丢了？ 马力：不可能呀，刚才下车的时候，是我付的钱，那时候钱包还在。 母亲：付钱以后，你把钱包放在哪儿了？ 马力：糟糕！我把钱包忘在座位上了。 父亲：你怎么搞的！ 母亲：现在怎么办？ 父亲：赶快给出租车公司打电话。你还记得车号吗？ 马力：我一点儿也想不起来了。 父亲：发票拿了吗？ 马力：我觉得发票没用，就把它扔到垃圾箱里去了。 母亲：钱包里有多少钱？ 马力：大概五百欧元。 母亲：那把这五百欧元送给司机了。
19	马力：喂，哪位？ 司机：我是出租汽车司机，今天上午你们坐过我的车。你们是不是把什么东西忘在车上了？ 马力：对对对，我们把钱包忘在车上了。 司机：我马上把钱包给你们送过来。 马力：哎呀，太感谢您了！您是怎么发现我们的钱包的？ 司机：有一位乘客看到了钱包，把它交给了我。 马力：真是一位好人。那您怎么会知道我们的电话号码呢？ 司机：我们把钱包里的东西拿出来一看，发现里面有一张纸，上面有你们住的宾馆的名字和地址。我打电话给宾馆，总台就把电话转到了你们房间。 马力：真是太麻烦您了。 司机：没什么。你们一定很着急吧？ 马力：可不是，刚才我妈妈把我骂了一顿呢。钱包里有护照和其他证件，要是丢了就麻烦了。
20	王英：我今天下午运气坏透了！ 马力：怎么啦？ 王英：我一吃完午饭，就去银行取钱。 马力：那很方便呀，五分钟就够了。 王英：方便什么呀。一开始就不顺：电脑坏了，等了一个多小时才拿到钱。 马力：是吗？有这样的事儿！ 王英：从银行出来，我去邮局寄挂号信。路上骑车骑得太快，没注意红绿灯，差点儿让汽车撞了一下。 马力：你太着急了。 王英：走出邮局，发现自行车不见了。 马力：叫人偷走了？ 王英：可不是。 马力：你真倒霉。
20	雅克：我记得几年前我来这儿的时候，这条河污染很严重，河里的鱼都被毒死了。 小黄：现在河水变清了，你看，河里又有鱼了。 雅克：这些树都是一两年前栽的吧？ 小黄：是啊。你怎么知道？ 雅克：上次我来的时候，这儿正在修路，路两边的树都被砍倒了。 小黄：现在，政府规定不能随便砍树。 雅克：那几块草地也不错。咦，我记得那儿以前好像是一些小饭店，卖各种小吃。 小黄：那些旧房子早就拆掉了。 雅克：那太可惜了！我在那儿吃过几次，味道不错。 小黄：如果不拆掉那些旧房子，怎么会有这么漂亮的草地呢？
21	白小红：你知道熊猫吗？ 马力：当然知道。 白小红：熊猫很可爱。 马力：熊猫是我们的好朋友。 白小红：它耳朵小小的。 马力：眼睛大大的。 白小红：尾巴短短的。 马力：身体胖胖的。 白小红：每天走来走去，爬上爬下。 马力：白天睡懒觉，晚上开夜车。 白小红：它喜欢吃竹子。 马力：他一顿能吃三个汉堡包。 白小红：它生活在中国四川省。 马力：他每天跟我们在一起。 白小红：你说的是中国的大熊猫？ 马力：不，我说的是我们的一位同学，我们都叫他“熊猫”。
21	江山：他们怎么没去教堂举行婚礼？ 金容南：入乡随俗嘛。 里奇：新娘挺漂亮的。你认识吗？ 高一飞：认识，见过几次面。他姓李，也是我们学校毕业的。 里奇：是吗？我一点儿也不知道。 白小红：听说新郎，新娘是同事？ 田中：对，他们俩在同一个公司工作，谈恋爱谈了一年多了。 白小红：听说最后差点儿没谈成？ 田中：是啊。小李的母亲听说了这件事以后，不太同意。 张园园：为什么？ 江山：那还用说？把女儿交给一个“老外”，能放心吗？ 张园园：有什么不放心的？ 田中：是有点儿不放心。怕小李跟一个外国人在一起过不惯。 张园园：已经谈了一年多了，还会有什么问题？ 田中：还有一个原因，小李比他大两岁。 王英：大两岁有什么关系？ 田中：你知道吗？小李属虎，马力属龙。 王英：我还是不明白。 田中：你学了这么长时间的汉语了，连这也不懂？ 王英：老师没教过。 田中：老人说，要是一个属虎，一个属龙，以后会吵架的。 雅克：岂有此理！那后来呢？ 田中：见了几次面以后，他们发现，马力汉语说得很流利，脾气也很好，做事也非常认真，马力跟小李的感情也确实非常好。所以，她母亲就不反对了。 金容南：看，新郎，新娘走过来了。 江山：马力，今天得多喝几杯呀。 马力:不行，我喝不下了，我就要喝醉了。 高一飞：你们俩还没喝交杯酒呢！ 马力:好吧，最后一杯。来，我们一起干杯！ 高一飞：不行，不行。这是交杯酒，你只能跟新娘喝。 马力:是吗？ 高一飞：小雨知道怎么喝，让她教你吧。
3-1	雅克：这个叫什么？ 陈静：红叶，这就是著名的香山红叶。 雅克：真好看。你把它放在书里干什么？ 陈静：当书签用。小心点儿，别把它弄破了。哎，你们加拿大也有红叶啊。 雅克：你说的是我们的枫叶吧？ 陈静：是啊，加拿大的枫叶是非常有名的。 雅克：也是非常漂亮的。到了秋天，到处都可以看到红红的枫叶，漂亮极了！ 陈静：看来你很喜欢枫叶。 雅克：那当然，没有不喜欢枫叶的加拿大人。我们还把枫叶放在了国旗上。 陈静：所以有人把你们的国旗叫做“枫叶旗”。 雅克：我们的国花也是枫叶。 陈静：是吗？不过枫叶不是花呀！ 雅克：可我们觉得枫叶比花更美。 陈静：难怪人们常常把你们加拿大叫做“枫叶之国”。 雅克：“枫叶之国”？这个词很有意思，我要把它记下来。你有笔吗？借我用一下。 陈静：有。不过我先问你一个问题。你回答对了，我就把笔借给你。 雅克：什么问题？ 陈静：枫叶是加拿大的象征。可是，你知道加拿大国旗上的枫叶一共有几个角吗？ 雅克：这个问题可真把我问住了。让我想想，一，二，三……
3-1	陈静的一本书里有一片红叶，她说那是男朋友送给她的生日礼物。这可真有意思，把红叶当做生日礼物送给女朋友，我以前从来没有听说过。 陈静的生日是十月十五，那时候北京香山上的红叶还很少。陈静和男朋友认识快两年了，今年是她男朋友第一次给她过生日，送给她的礼物只有这片红叶。这也是男朋友送给她的唯一的礼物。陈静说，那天他们在香山，男朋友捧着自己摘来的红叶，就像捧着自己的心，请她收下。她感动得差点儿流下了眼泪。 有人笑话陈静，说她找的男朋友太小气了，舍不得花钱买礼物。可是陈静自己不这么想。她觉得爱情不需要用钱来表达，重要的是男朋友爱不爱她。 香山的红叶红红的，圆圆的，看上去真有点儿像一颗心。难怪陈静那么爱惜，生怕把它弄破了。
3-2	雅克：陈静，今天晚上有时间吗？我想请你看电影。 陈静：对不起，我今天晚上要参加一个非常重要的生日晚会。 雅克：谁的生日那么重要？是你男朋友吗？ 陈静：不是。今天是我侄儿一周岁生日，我们全家都要参加。 雅克：一周岁的孩子也开生日晚会？ 陈静：是啊，亲戚朋友都要去祝贺。 雅克：孩子那么小，他懂什么呀？ 陈静：这孩子，谁见了谁夸。今天他是主角，还要给大家表演节目呢。 雅克：表演节目？ 陈静：大人把很多东西放在孩子面前，让他抓，先抓什么，将来他就可能喜欢做什么，或者是跟那个有关的事。这叫抓周。 雅克：可他才一岁，什么都不懂啊。 陈静：是啊，谁也不知道他会先抓什么。 雅克：有意思。我也想参加，可以吗？ 陈静：非常欢迎。不过，电影票怎么办呢？ 雅克：没关系，我可以把票送给别人。对了，我送点儿什么礼物给孩子呢？ 陈静：你想送什么就送什么，什么都不送也没关系。 雅克：那怎么行？我这儿有加拿大巧克力、不知道他喜欢不喜欢。 陈静：肯定喜放。小家伙最爱吃了。
3-2	今天我本来想请陈静去看电影。票已经买好了，可是陈静说，今天是她侄儿的一周岁生日，要举行一个抓周仪式。我很想知道中国的抓周是怎么回事，就跟陈静一起去了。 晚会是在一家挺高级的饭店举行的。陈静的侄儿长得又白又胖，特别爱笑，样子很可爱，看上去是一个聪明，活泼的孩子。参加晚会的人很多，每个人都给孩子送了红包。因为我只给孩子带了一盒巧克力，所以有点儿不好意思。但是陈静说没关系，“礼轻情义重”嘛。 抓周开始了，大人们在桌子上放了很多东西：玩具汽车、玩具手枪、巧克力、水果、钱、书、口红，还有很多别的东西。小家伙看看这个，摸摸那个，最后抓起来的竟然是口红。大家都笑了，说“一岁看到大，这孩子将来肯定是个‘花心萝卜’。”
3-3	白小红：江山，帮个忙怎么样？ 江山：没问题，需要我做什么？ 白小红：帮我读几篇课文。 江山：什么？让我帮你读课文？ 白小红：是啊，我想请你帮我把课文录下来，我一边听，一边学。 江山：为什么？ 白小红：是这样的，我在中国学的是英国英语，而且学得不好，特别是发音，差不多就是“中国英语”。 江山：你的英语很好听啊，我已经越来越习惯你的发音了。 白小红：我的口音太重了。我要像你一样，说一口地道的美国英语。 江山：那你应该跟电视节目的主持人学。我的英语也有口音——既有法语口音，又有意大利语口音。 白小红：怎么会这样呢？ 江山：这不奇怪。我爷爷是意大利人，我妈妈是魁北克人，我刚到美国三年。 白小红：这可真有意思！ 江山：有意思的事儿多着呢。听说你想移民？ 白小红：是啊，我已经提出了申请，可是不知道移民局什么时候能批准。 江山：应该很快吧！ 白小红：所以我想早点儿学会标准的美国英语，越早越好。 江山：连我这个美国人说的郁不是标准的美国英语，你为什么一定要说标准的美国英语呢？我觉得你说的话别人能听懂就行了。 白小红：可是… 江山：别“可是”了。你的英语有流利又好听，你别跟自己过不去了。
3-3	白小红真奇怪，总是想着要学标准的美国英语。每天跟着CNN的主持人学还不够，还要跟我学。 我生在加拿大，长在加拿大，中学毕业以后才到美国来。我说的英语既不是地道的美国英语，也不是标准的加拿大英语——说实话，我也不知道什么是标准的加拿大英语。我的英语有法语口音，也有意大利语口音。很多人的情况跟我差不多。白小红问我为什么，原因很简单：加拿大和美国都是移民国家，很多人自己或者他们的父母、祖先都是从世界各个地方移民过来的，不过有的来得早一点儿，有的来得晚一点儿，说话有自己母语的口音是很正常的。 白小红是从中国来的。也许因为中国有普通话，所以她总是想学习“英语普通话”。其实，她说的英语挺好听的，我基本上都能听懂。现在从中国来的移民越来越多，说不定将来他们说的英语会变成英语的一种方言呢。
3-4	丁汉生：江山，你不是喜欢看球赛吗？快来，电视正在转播呢。 江山：乒乓球比赛有什么好看的？ 丁汉生：那你爱看什么球？ 江山：当然是篮球了，NBA！ 丁汉生：那你最喜欢……？ 江山：原来是芝加哥公牛队，现在是华盛顿奇才队。 丁汉生：我说的不是球队，是球星。你最喜欢哪个球星？ 江山：乔丹。当然，他现在好像真的老了。 丁汉生：还有呢？ 江山：奥尼尔，你们中国的王治郅也不错。 丁汉生：看来你真是个篮球迷。 江山：那当然。我从小就迷上了篮球，只要有篮球比赛，我就看。 丁汉生：难道普通的篮球比赛，比如说两个大学的球队比赛，你也看吗？ 江山：看。不管什么水平的篮球比赛，只要看得到，我都看。 丁汉生：我真不明白，你为什么那么喜欢篮球？ 江山：这有什么不明白的？篮球是美国人最喜欢的运动，又是在美国发明的，我能不喜欢吗？ 丁汉生：可我听说，篮球是加拿大人詹姆斯・奈史密斯发明的。 江山：但是他发明篮球的时候，正在美国留学。他发明篮球是为了完成体育课的作业。 丁汉生：原来是这样。难怪你这么喜欢篮球。
3-4	好久没有和江山联系了，挺想他的。 他是我的好朋友，以前他老是请我跟他一起去玩儿，我从来没有去过，所以他很生气。可我有什么办法？ 如果没有特别的原因，谁愿意拒绝朋友呢？但是，就像中国人经常说的那样，“萝卜青菜，各有所爱”。我们的爱好不一样，玩儿不到一起去。 江山很喜欢打篮球，可是，我太矮，上了球场恐怕连球都摸不到；江山还很喜欢打冰球、滑雪，可我从小在中国南方长大，连雪的样子都没见过，怎么可能会滑雪、打冰球呢？ 当然，有时候我请他跟我一起去玩儿，他也不去，因为我喜欢的运动他不喜欢。比如说乒乓球，他就老是说没意思。我不明白，乒乓球不也是球吗，怎么没有意思？ 我们偶尔也会一起去玩儿：有时候去游泳，有时候去踢足球。不过，他的足球没有我踢得好。
3-5	丁汉生：你在干什么呀？ 马克：收拾行李。明天我要去中国。你看，毛巾、牙膏、卫生纸。……东西太多了，两个包都装不了。 丁汉生：如果这些东西你都要带，四个包也装不了。 马克：你这话是什么意思？ 丁汉生：有的东西你带了也用不着，有的你根本就不用帯。 马克：那你说应该带些什么？ 丁汉生：这要看你准备去哪儿了。 马克：北京、上海是肯定要去的。 丁汉生：那你就什么也不要带，那儿什么都有。 马克：毛巾之类的日用品也不用带吗？ 丁汉生：不用。在中国一些大城市的宾馆、饭店里，牙刷、牙膏这些东西都有，而且有的还是名牌。 马克：真的？那太好了。 丁汉生：不过，如果你要去经济还不发达的地方，那你最好什么都带上。 马克：什么都要带上？连卫生纸也要带吗？ 丁汉生：什么都要带，当然包括卫生纸。除非你不想用。不过，这些东西你都可以到中国以后再买。 马克：在中国买东西方便吗？ 丁汉生：很方便。特别是在北京、上海这样一些大城市，大商场、大超市有的是，什么东西都买得到。不过，药你最好自己带上。 马克：你不说我差点儿忘了，我的药呢？刚才还在桌子上，怎么找不着了？ 丁汉生：那不是吗？
3-5	林娜总是说北京多么多么漂亮。也许是她离开家乡的时间太长，很想念自己的父母和朋友，所以一定要回去看一看。没办法，我只好陪她走一趟。 当然啦，自从我学了汉语，认识了林娜以后，也真的想去看看那个神奇的国家。于是，我们买了机票，登上了飞往北京的飞机。 北京的确很不错。故宫、天坛都非常漂亮，当然还有长城。中国有一句话，叫“不到长城非好汉”，我和林娜一起站在长城上，真的有一种好汉的感觉。那种感觉，恐怕我一辈子都忘不了。 不过，说实话，我更喜欢西安，因为我觉得那儿是真正的中国。如果你想了解中国的历史，那么你一定要去西安。不过那儿的气候我有点受不了。 上海是个很特妹的城市，我实在不知道它像纽约还是像多伦多。也许它更像欧洲的一个什么城市，也许，它哪个城市也不像，它就是它自己。不过，上海的马路没有北京和西安那么直，我经常找不着北。
3-6	平平： 你好！ 我来加拿大已经四五月了。去了几个城市，感觉有很多方面和咱们中国不一样，很想和你聊聊。但是电话费太贵了，又不能发电子邮件，因为我这儿的电脑还没装中文软件。只好给你写信——你知道，我很久没写信了。 最明显的感觉是加拿大的环境特别好，空气十分新鲜。这里的大树非常多，如果在咱们那儿，很多都会被当做宝贝。 加拿大的树虽然比中国多，但是人比中国少多了。你可能不相信，加拿大的面积比中国还大一点儿，可是全加拿大总共只有三千多万人，大概是中国的四十分之一，其中还有百分之三左右是华裔。温哥华是加拿大第三大城市，人口只有二百多万，其中大约百分之二十是华裔。 刚来的时候，我去一些大超市、大商店看了看，没有咱们中国那种人山人海的景象。有时候只有十来个人。我真为那些老板们担心，顾客那么少，他们能赚钱吗？ 不过，这儿的人虽然很少，但是都很热情。我早上散步的时候，会碰见一些跑步的人，他们几乎都会跟我说“嗨”，有的看我是中国人，还用中文说“你好”呢。 让我吃惊的还有这儿的公共汽车司机。他们很有耐心，几乎对每一个乘客都要说“早上好”，我不知道这是不是他们的职业习惯。如果他们在北京、上海开公共汽车，还会不会有这么好的耐心呢？ 我在这儿的学习和生活都非常轻松。早上起来散散步，晚饭以后翻翻报纸，看看电视；有时候来几个朋友，还能一起打打牌，下下棋。 你的签证办得怎么样了？等你来温哥华的时候，我就可以给你当导游了，到时候陪你好好儿走一走，看一看。 我住的地方离学校比较远。现在要去上课了。等我想办法装上中文软件以后，咱们就用电子邮件联系。 祝你身体健康，万事如意！ 林娜
3-7	马克：小红、有件事儿想麻烦你一下儿。 白小红：太阳从西边出来了！平时都是我麻烦你，今天你怎么麻烦起我来了？ 马克：我真的有事儿要请你帮忙。 白小红：什么事儿？说来听听。 马克：我打算九月份到中国学习汉语。 白小红：好啊，去哪儿学？上海还是北京？ 马克：还没有决定。我觉得这两个地方都挺好，所以打算先到北京学上半年，然后再到上海学上半年。 白小红：真是一个好主意，我怎么就想不出来呢。我知道了，你想让我教你说汉语。放心吧，从今天开始，我一天教你一句，这样坚持下去，到九月份你就能説不少了。 马克：你一定会是一位很好的老师。不过，我现在最需要一个中文名字，一个真正的中国名字，听起来不像外国人的那种。我听说中国人的名字根有讲究。 白小红：有的有讲究，有的没有。像毛泽东的“泽东”很有讲究，意思是“给东方人带来幸福”；可是邓小平的“小平”，我就说不出来有什么讲究。让我想想，你姓Maxwell，马，叫什么好呢？就叫马克思吧。 马克：马一克一思？很好，我就叫马克思。 白小红：跟你开玩笑呢。你不能叫马克思，因为已经有一个外国人叫马克思了，而且是个名人。提起他来，中国人几乎没有不知道的。 马克：谁？他能叫马克思，我也能叫马克思。 白小红：就是Karl Marx，他已经去世一百多年了。 马克：那我叫马克思就更没有问题了。 白小红：还是有问题。你想，要是你的中国朋友跟家里人说，明天要去见马克思，那非把他家里人吓出病来不可。 马克：为什么？ 白小红：因为“去见马克思”和“去见上帝”的意思差不多。 马克：那我不叫马克思了。你再帮我想想吧。 白小红：看我能不能想出来。……有了，你就叫马克伟吧，伟大的伟！
3-7	中国人取名字很有讲究。因为名字一般都是父母给孩子取的，哪家的父母不希望自己的孩子将来有出息呢？ 要说取名字，讲究可多了。首先得叫起来顺口，听起来顺耳。男孩子的名字得响亮些，比如“刚”啊、“强”啊什么的；女孩子的名字得好听些，比如“美”呀、“丽”呀什么的。除了这些，名字还要有些特殊的意思。 中国同姓的人太多。根据统计，光姓张的就有一亿多人。有些名字你觉得好，别人也觉得好，这样问题就来了：同名同姓的人太多。我有个朋友，他儿子叫王刚，班里有个同学也叫王刚。老师叫一个名字，站起来两个学生。没办法，老师只好把一个叫大王刚，一个叫小王刚。 现在，年轻的父母总是想和别人不一样，所以就给孩子取一个稀奇古怪的名字。他们自己本来也不知道意思，都是从词典上查来的。我朋友的孩子跟我说，他们学校有不少学生认为老师没水平，因为老师上课的时候连学生的名字都叫不出来，得让学生自己告诉老师。你说这能怪老师吗？
3-8	江山：你怎么搞的，不是说好今天八点半见面吗？ 白小红：对不起，让你久等了。我昨天晚上跟几个朋友玩儿到十二点多，早上起得晚了，所以就… 江山：要是你再不来，我就回去了。 白小红：这样吧，今天我带你去看大海，还会看到划船比赛呢。 江山：是吗？这里经常有划船比赛吗？ 白小红：经常有。这儿的人很喜欢水上运动，特别是划船。 江山：我听说中国有一种特别的划船比赛？ 白小红：你说的是中国的龙舟比赛吧？ 江山：是的。龙舟就是像龙一样的船吗？ 白小红：没错儿。不过中国的龙舟比赛一年只有一次。 江山：什么时候比赛？为什么只有一次？ 白小红：比赛在每年的端午节前后。是为了纪念很久以前的一位很有名的诗人，他的名字叫屈原。屈原很爱自己的国家，关心普通人的生活，但是国王不喜欢他。他很伤心，就跳到江河里自杀了。当时有很多人划船去救他。 江山：救上来了吗？ 白小红：没有。因为大家担心屈原的身体会被河里的鱼吃掉，就一起向河里扔米饭。 江山：扔米饭干什么？ 白小红：他们希望鱼吃了米饭，就不要去吃屈原的身体了。这种特殊的米饭后来就变成了人们喜欢吃的粽子。 江山：粽子？ 白小红：是呀。我想这儿的中国城里肯定有粽子。等到了端午节，我请你去吃粽子。 江山：还有几天是端午节？ 白小红：快了，快了，大概还有一个月吧。
3-8	很久以前，杭州有一个叫许仙的小伙子。有一天，许仙路过西湖，突然下起了大雨，许仙看见两位姑娘没带雨伞，就把自己的雨伞给了她们。两位姑娘被许仙的行为感动了，其中穿白衣服的那位姑娘爱上了许仙。后来两个人结了婚，生活很幸福。 有一天，许仙家来了一个老和尚，名字叫法海。法海偷偷地告诉许仙，他的妻子是一条白蛇变的。许仙不相信，法海就让他在端午节那天劝妻子喝酒，看看会发生什么事儿。 端午节中午，许仙按照法海的话劝妻子喝酒。他妻子本来不肯喝，但是许仙一定要她喝。妻子没办法，只喝了一杯就说不舒服，回房间睡了。过了一会儿，许仙走进房间一看，发现床上躺着一条白蛇。 许仙吓坏了，躲进了法海的金山寺。白蛇去金山寺要丈夫，和法海打了起来，她不是法海的对手，最后让法海压在西湖旁边的雷峰塔下面。这个故事后来被改编成了京剧《白蛇传》。
3-9	江山：咱们四个人比赛吧，我和雅克搭档，张老师和丁汉生搭档。 张林：不行，不行。我们两个跟你们两个比赛打篮球，绝对是孔夫子搬家—— 江山：孔夫子是谁？ 张林：就是孔子。他是中国古代最有学问的人。 江山：我想起来了，他是一个有名的教授，他对学生说过一句话，意思好像是“学习要经常练习”。 张林：“学而时习之”。 江山：还有一句，是“有朋友从很远的地方来…………” 张林：我替你说吧，“有朋自远方来，不亦乐乎”。 江山：对，对。有朋友从很远的地方来是让人很高兴的事儿。古代的句子很难，我总是记不住。 张林：别说你了，就是中国人也很难记住。真看不出来，关于孔子的事儿，你知道得还挺多。 江山：您过奖了。刚才您说的孔夫子搬家我就不知道。他经常搬家吗？ 张林：可能吧，我也说不清楚。根据历史记载，他很喜欢旅行，去过很多国家。 江山：那您说孔夫子搬家是什么意思？他搬家不搬家跟我们比赛有什么关系？ 张林：当然有关系。你想一想，孔夫子是中国古代最有学问的人，他家里什么东西最多？ 江山：什么东西最多？是书吧？ 张林：聪明。那时候的书和现在的书不一样，都是用竹子做的，很重很重。 江山：我还是不明白，孔夫子的书又多又重，跟我们比赛有什么关系？ 张林：孔夫子的书是“shu”，比赛输赢的“输” 也是“shu”。你想想，我们和你们比赛打篮球，那还能有什么结果？肯定是“孔夫子搬家——尽是输”啦。
3-9	到上海一个月了，王英带我去逛了很多地方：商店、公园、博物馆。我印象最深的是上海书城。我第一次见到那么大的书店，那么多人在买书。我也忍不住买了几本，还替我女朋友买了一本。 中国朋友告诉我，现在的书很贵。要是在十年前，十块钱能买到一本挺好的书；现在至少要四五十块钱。不过，现在的书贵是贵，可印刷，包装得越来越漂亮，一分钱一分货嘛。 很多中国人喜欢买书。有的是给自己买，也有的是为孩子买，还有的是替朋友买。有些人书买回家以后并不看，就放在书房，摆在那儿给客人看。家里的书越多，就越显得主人有知识，有学问。 但有些人，尤其是大学教授，喜欢在家里看书，不愿意去图书馆。我去过一位姓郑的教授家。除了厨房和卫生间以外，郑教授家几乎每个房间都是书——包括卧室和客厅。书太多了，床就没地方放了，他和妻子就在书上睡觉。要不是亲眼看见，我绝对不相信居然有这样的事儿。
3-10	老王：好久不见、最近在忙什么呢？ 老黄：别提了，想忙也没地方忙了，下岗了。 老王：什么？你也下岗了？ 老黄：是啊，你…… 老王：我上个月就下岗了。 老黄：我今年才四十，你也不到四十五吧？将来可怎么办哪？ 老王：怎么办？想办法找一个新工作啊。反正已经这样了，着急也没有用。我已经开始找了，我就不相信找不到一个适合我的工作。 老黄：你的心态比较我好多了。刚下岗那几天，我快急疯了，而且不敢跟妻子说，怕她着急。 老王：我开始的时候跟你一样，每天还假装去上班呢。后来一想，瞒得过今天，瞒不过明天。就跟她说实话了。 老黄：咱们可真是同病相怜哪。对了，你这几天看新闻了没有？ 老王：我白天忙着找工作，晚上回家还要做家务，哪有时间看新闻哪。有什么好消息吗？ 老黄：电视上说，政府为了帮助下岗工人再就业，办了很多培训班，让咱们去学点新技术。 老王：学会了新技术，咱们就可以找到新工作了。 老黄：对，就是这样。 老王：这可真是一个好消息。那你打算学什么呢？ 老黄：不知道。都几十岁的人了，学得会吗？ 老王：学不会也得学。这样吧，明天咱们一起去报名吧。 老黄：明天？我还没想好学什么呢。 老王：我也不知道学什么好。明天先去报名的地方看看，然后再决定。 老黄：这…… 老王：别犹豫了。明天九点，我在这儿等你，咱们不见不散。 老黄：不见不散。
3-10	钱平平看了看闹钟，还不到五点半。她想再睡一会儿，可是怎么也睡不着。大学毕业都快三个月了，她还没有找到满意的工作。这一次好容易才找到一家挺不错的公司，但竞争这个工作的人肯定不少。 今天的面试一定要成功！她想，干脆早点儿起来，好好准备准备吧。第一次见面，一定要给人留下一个好印象。 穿什么衣服好呢？她先拿起一条连衣裙，觉得不够性感，随手把它扔到了床上；又拿起一条吊带裙，犹豫了一下，还是穿上了。 她又看了看闹钟，才六点半，时间还早。应该再养养神。可是刚一坐下，闹钟就响了起来，把她吓了一跳。她想，还是再化化妆吧。 她拿出了那支一直舍不得用的高级口红，颜色不错，她满意地笑了。可是，“我是去找工作，又不是去见男朋友，还是庄重点儿好。” 最后，她换上了妈妈为她买的套装，自信地出了门。
3-11	马克：假期咱们一起去打工吧！ 林娜：我是想去打工，可是我爸爸妈妈说，女孩子打工太辛苦。他们不但不让我打工，而且还让我利用这段时间多选几门课，多拿几个学分。 马克：那你明年的学费怎么办？ 林娜：向我爸爸妈妈要啊。我爸妈说了，虽然我们家不是很有钱，但是只要我需要，他们就会给我想办法，哪怕贷款也没关系。我要多少他们就会给多少。 马克：那你什么时候还他们？ 林娜：我不还他们，他们也不要我还。你父母给你钱，还要你还吗？ 马克：他们不是“给”我钱，是“借给”我钱。我已经借了我父母三千多块钱了，等我大学毕业找到工作以后，我会很快还他们的。 林娜：真有意思。父母挣钱不就是为了孩子吗？父母的钱就是孩子的钱，分那么清楚干什么？ 马克：我已经二十岁，不是孩子了。父母挣钱也不是为了我，他们有自己的生活。 林娜：我还是不明白。不管什么时候，父母和孩子都是一家人。既然是一家人，就不用分得那么清楚。 马克：那是你们中国人的想法。可是我们觉得，虽然孩子和父母是一家人，但是只要你到了十八岁，你就应该独立。只有在经济上独立了，你才能真正地独立。 林娜：那万一你大学毕业以后找不着好工作，你借他们的钱，还不了怎么办？ 马克：这个问题我还真没想过。不过我想，即使还不了也没关系。 林娜：那还不是一回事儿。 马克：不是一回事儿，是两回事儿。
3-11	今天在路上碰见了马克，他建议我假期去打工。马克告诉我，他的学费一部分是自己打工挣的，一部分是跟父母借的，将来要还给父母。更让我感到不能理解的是，他假期回家住在家里，他爸爸还要他交房租！ 开始的时候我觉得很可笑，怎么会这样？中国的孩子，不论过没过十八岁，只要没结婚，没工作，都可以伸手向父母要钱，谁也不会说“借”。 我记不清从小到大跟父母要过多少钱了，只知道光这两年的学费、生活费就是一笔不小的数目。仔细一想，我吓坏了，要是他们要我还，我还得起吗？ 也许我也应该去打工。于是就给父母打了个电话，可是却被爸爸骂了一顿：“谁要你还了？你还得起吗？再说，你早点把学位读出来，早点找一个好工作，不就什么都有了？” 爸爸的话好像也有道理。他和妈妈从来没想到要我还钱，我要还给他们的也不仅仅是钱。我现在是学生，主要的任务是学习，只要把学习搞好就行了。 算了，打工的事儿，以后再说吧。
3-12	每个国家都有自己的节日，也有自己独特的过节方式。中国也一样。中国最重要的传统节日当然是春节。除了春节以外，中国还有元宵节、中秋节等等。假如把少数民族的节日也加上，中国人几乎天天都在过节。 以前，中国人过节特别喜欢吃：春节吃饺子，元宵节吃元宵，中秋节吃月饼。吃完以后，喝喝茶，聊聊天儿，看看电视，时间很快就过去了。开始的时候在家里吃，后来觉得太麻烦，很多人就到饭店吃。吃多了，慢慢儿就觉得没什么意思，想出去走走、看看。所以旅游就流行起来了：五一去旅游，十一去旅游，就连春节也不再像以前那样呆在家里了。结果呢，火车、汽车，饭店、公园，到处人满为患。 现在，中国开放了，除了传统的节日以外，很多人还非常喜欢过外国人的节日。特别是年轻人，他们过西方人的节日主要是因为好奇。他们最喜欢的西方节日是圣诞节和情人节。在他们看来，西方人的圣诞节过得很浪漫：圣诞树上五颜六色的灯，穿着红衣服的圣诞老人……；情人节也是这样，2月14号那天，花店里非常热闹，小伙子们都想买一枝红玫瑰，送给自己的女朋友。 对于年纪大一些的人来说，传统节日过得太多了，圣诞节和情人节似乎又是年轻人的专利。于是，中国又“进口”了母亲节。到了5月的那一天，孩子们——尤其是女儿们——总会想着给母亲送上些小礼物，比如丝巾、袜子什么的。当然，有的礼物也很贵重。不管是什么样的礼物，母亲们在接受的时候都会笑得合不拢嘴。这样一来，父亲们多少会有些失落。可是，没过多久，商店的门前出现了这样的广告：别忘了你父亲！于是，中国也有了父亲节。 节日越来越多，过节的方式也变得越来越让人感动。一件小小的礼物其实也算不上什么，可是在某一个特别的时候，常常能使人感受到真挚的情和爱。
4-1	刘天明：明天是星期六，一起去南京玩儿玩儿、怎么样？ 李伟：不行啊，我明天还得加班。 刘天明：周末还加什么班？你已经是大老板了，干吗还那么拼命！ 李伟：我准备再开一家连锁店。 刘天明：还要开一家？我看你真是要钱不要命。太不会享受了生活了。你呢，老赵，你也加班？ 赵学东：我倒是想加班，可没地方加。 刘天明：怎么啦，又被老板炒鱿鱼了？ 赵学东：不，这次不是老板炒我，是我炒了老板。 刘天明：你不是挺喜欢那个工作吗？再说，你的工作也很有意思呀。 赵学东：喜欢是喜欢，工作也确实很有意思，可是收入太低了。老刘，你为什么老是呆在学校里，我真弄不明白，你们老师的工资不高啊。 李伟：是呀，到我的公司来吧，我让你去新开的连锁店当经理，工资肯定比你现在高。 刘天明：谢谢，不用了，我的想法和你们不同。 李伟：怎么不同？ 刘天明：我对当经理不感兴趣，我认为还是当老师好。
4-1	你为什么工作？有人说为了生活，不工作就没有收入；也有人说不为什么，人就应该工作。那你为什么努力工作？这个问题的答案就多了。 复旦大学市场调查中心曾在北京、上海、广州这三个城市进行了一次调查，其结果是：35.7%的城市居民努力工作是为了增加工资收入；18.1%的人努力工作是为了发挥自己的能力；7.7%的人努力工作是因为对自己的工作感兴趣；5.6%的人努力工作是为了给国家多做贡献；4.8%的人努力工作是为了自己能当老板；只有3.3%的人是为了给更多的人服务；还有24.8%的人没有选择。 北京是中国的首都。三个城市中，北京选择为国家多做贡献的人最多，选择为了增加收入的人最少，选择为别人服务的人也是最少的。 上海是中国受西方影响最大的城市，选择为增加收入而努力工作的人比例最高，但是，选择为自己能当老板而努力工作的人比例却最低。 跟上海一样，广州人选择为增加收入而努力工作的比例也是最高的。广州可以说是中国南方最有影响的城市之一，广州人的商品意识比中国别的地方的人都强。选择为自己当老板而努力工作的广州人是三个城市中比例最高的，选择为自己的兴趣而努力工作的广州人在三个城市中比例最低。看来，在一个商品化的城市里，金钱比兴趣重要得多。
4-2	李伟：天明！ 刘天明：是李伟呀，你好、你好！ 李伟：你好，我还以为旁边会坐着位靓女呢，没想到是你。 刘天明：让你失望了吧。 季備：哪儿的活。你回国以后我们就见过一次。听说你当官儿了、感觉如何？ 刘天明：校长算什么官儿啊，头疼得很！ 李伟：怎么回事？ 刘天明：最近単位在搞改革，行政人員太多了。得让一些人下岗。难哪！ 李伟：这有什么难？让谁下岗还不是由你决定？你说让谁下岗，谁就得下岗。 刘天明：我们跟你们不一样。你是老板，想炒谁的鱿鱼就炒谁的鱿鱼。我不行。今天这个来找，明天那个来找，都不愿意下岗。 李伟：你别理他们不就完了？ 刘天明：不理怎么行？老领导、老同事，亲威朋友都来说情，能不给面子吗？ 李伟：那倒也是。这是件得罪人的事。 刘天明：是啊，处理人际关系比搞专业难多了。我真想辞职。
4-2	有位父亲，在一家公司工作。老板每天都要给他布置许多任务。白天做不完，晚上回到家里还要加班。 他常常说：“我真想辞职！”但是，他并没有那样做。 一天晚上，吃完饭以后，他像平时一样开始加班。 他三岁的女儿走过来，非要爸爸陪她玩儿不可。他没办法，忽然看到桌子上放着一本过了期的杂志，打开的那一页正好是一张世界地图，于是，他就把地图撕成小碎片，交给女儿，说：“孩子，你去把这张世果地图拼起来，如果拼对了，我就陪你玩儿。” 这位父亲本来想给女儿出难题，因为他知道女儿才三岁，刚上幼儿园，不可能知道世界地图是怎么回事。但是，只过了一会儿，女儿就把一张破碎的世界地图拼好了。他很惊讶，就问女儿： “幼儿园老师教过你怎么拼世界地图吗？” “没有。” “那你是怎么拼的？” 女儿笑着说：“你看看反面，像不像妈妈？”原来，世界地图的反面是一个电影明星的照片。小女孩看到的是人，不是世界地图。当她把照片拼好以后，问题当然也就轻而易举地解决了。 其实，世界上很多问题都是人的问题，人的问题解决了，别的问题也就好办多了。
4-3	刘奶奶：张大妈，带孙子玩儿哪。 张大妈：是刘奶奶呀。（对孩子说）叫奶奶。 孩子：奶奶好！ 刘奶奶：瞧，这孩子可真讨人喜欢。张大妈，您真有福气呀。 张大妈：有什么福气呀？受罪的命。三个儿子给我生了俩孙子，一个孙女儿。都让我一个人带，实在没办法。 刘奶奶：您身体好啊。您看我吧，不是这儿疼，就是那儿不舒服。儿女们关心我，不让我带孙子孙女儿。 张大妈：我这身体吧，十年以前是挺好，现在不行了，一躺下就不想再爬起来。 刘奶奶：您太累了。这是您最小的孙子吧？等他上了幼儿园、您就別管了、跟我一起上老年大学去。 张大妈：老年大学？这么大年纪了还上什么大学？ 刘奶奶：上着玩儿呗。 张大妈：老年大学里都能学些什么呀？ 刘奶奶：多啦。跳舞、画画儿。唱京剧、学书法。想学什么就学什么。哎呀、我得走了，我老伴儿还在等着我呢。 张大妈：（对孩子说）跟奶奶再见。 孩子：奶奶再见！
4-3	一天上午，一对六十多岁的夫妻来法院要求离婚。我想，夫妻在一起几十年都过来了，还离什么婚哪。 一问才知道，原来他们结婚还不到一年，离婚的理由是感情不好。但是两位老人看对方的时候，眼神都很温柔。我劝他们回去再考虑考虑。 那天下午，老先生的几个儿女找上门来，一听说我是负责这个案子的法官，马上就把我围住，说了很多话，意思只有一个：让他们的父亲离婚。我告诉他们，离婚是夫妻两个人自己的事，应该由他们自己决定。 第二天，两位老人又来了。这一次他们一定要离婚，我只好同意。签字的时候，我发现他们俩都很伤心。我更不明白了，感情这么好，为什么还要离婚？ 一个月以后，我在公园里又看见了那两位老人。老先生告诉我，他们又复婚了。我吃了一惊，就问他为什么。原来，老先生有一些钱，在市中心还有一套房子，每个月可以得到一笔租金。儿女们早就在想怎么分他的遗产了。老人的再婚让他们很失望，他们不想让别人分走父亲的遗产，所以就天天和父亲吵架。实在没办法，两位感情很好的老人只好离婚。离婚以后，老先生把财产都分好了，儿女们才同意他们俩复婚。 说完，两位老人走了，我站在那儿，呆了很久。
4-4	高一飞：我给你们介绍一下。这位是我的法国朋友马力。这位是赵校长。 赵明：您好！ 马力：您好！ 高一飞：赵校长，马力对您办学校的事很感兴趣，想请您详细介绍介绍。 赵明：好，好，好。欢迎你们光临指导！ 马力：我以前听说过“希望小学”，但全部都在农村，您怎么把希望小学办到城里来了？ 赵明：是这样的，我这所小学和您说的不一样。您说的那种希望小学有很多人捐款，我这所小学只有我一个人投资。最近几年，我们县来上海打工的人一年比一年多，很多人把孩子也带来了，这些孩子来了以后就不上学了。我觉得孩子不上学将来就没有希望，这对孩子的成长非常不利。于是就办了这所小学。 马力：您办这所小学还顺利吗？ 赵明：不太顺利，有不少困难。 马力：是没有学生吗？ 赵明：不，学生多的是、有好几个班呢。我最大的困难是缺少老师和教室。我们现在有80多个学生，但是只有3个老师，2个教室。当然，最大的因难也可以说是缺少资金。我不能给老师更高的工资，也租不起更多的教室。 马力：我很想帮助您，可惜我不是大老板。
4-4	吃晚饭的时候，儿子低着头，有点儿难为情地说：“爸爸，老师让您到学校去一趟”。 我小的时候，老师家访是很普通的事，现在想起来还觉得很亲切。老师坐在沙发上，爸爸妈妈坐在旁边，我躲在房间里听他们谈话。现在老师忙，请家长去见个面，已经算是不错了。 我猜想肯定是儿子又惹老师生气了。老师有请，不能不去。 推开老师办公室的门，看见四个年轻女老师坐着。儿子的老师见我进来，点了点头，也不让座，我只好站着。 老师说我儿子上课的时候吃东西，和女同学说话等等。我听了听，没什么特别不好的事，悬着的一颗心总算放了下来，感觉轻松了很多。 “你一定要好好儿管管你儿子的那张嘴，还有半年就要考中学了，再这样下去，他肯定考不上好中学。考不上好中学，将来肯定考不上好大学。” 我一边听，一边点头。但老师的最后一句话让我觉得很不舒服： “他目前是倒数第三名，后两名的父母都离婚了。” 我先说了些感谢老师的话，然后又说：“如果那两个孩子的家长复婚，我儿子肯定是倒数第一名。” 老师们听了我的话，都瞪大了眼睛，莫名其妙地看着我，没有说话。
4-5	营业员：先生，这是您的电话号码。明天我们会派人给您家装电活。 赵学东：1-5-4-9-0-5-1-4,5-1-4，小姐，能不能给我换个号码？ 营业员：为什么？ 赵学东：你看，5-1-4，我要死，中了这个“彩”，我也太不吉利了。 营业员：对不起，我们这是电脑排号，不能随便更改。 赵学乐：就改一个数，把4换成8，5-1-8，我要发，多好。 营业员：真抱歉，518还没到呢！ 赵学东：那我不要这个号码了，我就在这儿等518。 营业员：不行，这个号你不要，别人也不要，那怎么办？ 赵学东：怎么办我不管，反正我不要这个号码。 营业员：你不要这个，我也不能给你别的号码。 赵学东：你……！ 营业员：我怎么啦？你这个人怎么这么迷信。我有一个朋友，上次买了张彩票，号码是511888，他说一定会中大奖、发大财，结果怎么样？什么奖也没中。我看你拉倒吧，什么发不发的。 赵学东：你懂什么，不发也不能死呀！
4-5	根据不完全统计，从1987年到现在，中国已经发行了1000多亿元人民币彩票。对于月收入一般在2000元左右的上海人来说，500万大奖可以说是一个天文数字。 您是否买过彩票？是否也曾经梦想过自己会中头彩？假若您中了500万大奖，您会怎么花？《新民周刊》对这些问题做了一次调查。 大部分上海人都曾买过彩票，从来不买的人只有极少数。买彩票时有没有想过中奖？回答是当然想过，不想中奖买彩票干什么？ 中奖是每个人的愿望，但能中奖的毕竟是少数人。根据调查，四分之一的人从来没有中过奖，多数人只中过最小的奖。在2984名被调查者中，没有一个人中过500万的大奖。 如果中了500万元，您最想干的是什么？《新民周刊》提供了出国旅游、购车或者买房、开公司创业等6个选择。不管是男人还是女人，大多数人最想干的事情都是购车或者买房。 选择最想开公司创业的男性差不多有三成，女性只有一成多一点儿；有两成多的女性选择出国旅游，男性却不到一成。看来，女性比男性更希望看看外面的世界。 500万元大奖是否一定意味着幸福呢？只有少数被调查者给了肯定的回答，大多数人都认为不一定；还有一些人认为大奖不但不能带来幸福，反而还会带来很多麻烦。虽然如此，他们还是希望自己的“白日梦" 能够实现。