		
您贵姓？	1	-
我姓白。	1	
我是加拿大人。	1	
我姓张，叫张林。	1	
你叫什么名字？	1	
我叫马力。	1	
你是哪国人？	1	
我是法国人。	1	
你说英语还是说法语？	1	
我只说汉语。	1	
我不是中国人。	1	
我不姓王。	1	
我们都是中国人。	1	
他也是美国人。	1	
你也是中国人吗？	1	
他们都说汉语吗？	1	
你们说不说汉语？	1	
您是中国人不是？	1	
你们说汉语不说？	1	
你是加拿大人还是美国人？	1	
你说英语还是(说)法语？	1	
你姓什么？	1	
我是中国人。你呢？	1	
我叫江山。你呢？	1	
他是汉语老师。	1	
认识你我很高兴！	2	-
我在大学东亚学系学习。	2	
东方学院怎么样？	2	
东方学院很大，也很漂亮。	2	
我在进出口公司工作。	2	
可以给你打电话吗？	2	
我的电话号码是21570988。	2	
可以不可以给你发电子邮件？	2	
请进！	2	
这是我的女朋友。	2	
请坐！	2	
请喝茶！	2	
你在哪儿学习？	2	
我很高兴。	2	
我们的大学很大，也很漂亮。	2	
我的工作不好。	2	
我们的大学大，他们的大学小。	2	
我的工作好，他的工作不好。	2	
这是我的汉语老师。	2	
我在法国巴黎大学学习。	2	
我可以不可以给你写信？	2	
你家有几口人？	3	-
你们学校有多少学生？	3	
我想，大概有三万个。	3	
老板让我去那儿工作。	3	
你是什么地方人？	3	
我一家人都在这儿。	3	
孩子多大？	3	
很可爱吧？	3	
我有一个孩子。	3	
我家有一个孩子。	3	
我有很多学生。	3	
我们学校有很多学生。	3	
孩子两岁。	3	
有没有人学习汉语？	3	
我想去你们学校学习汉语。	3	
我们在中国有一个分公司。	3	
有很多人学习汉语。	3	
你为什么想学习汉语？	3	
一个人。	3	
我想去中国工作。	3	
你有几个中国朋友？	3	
我们学校有两万多个学生。	3	
我非常喜欢我们学校。	3	
王老师是上海人。	3	
他们有两个孩子。小孩子十一岁，上小学。大孩子十九岁，上大学。	3	
我看一下，行吗？	4	-
这张地图是法文的。	4	
这本词典非常好，非常有用。	4	
你有没有中国地图？	4	
我有两张中国地图。一张中文的，一张法文的。	4	
你看中国地图干什么？你想去中国吗?	4	
是的，我想去中国玩儿。	4	
龙山？不知道。龙山大不大？比较小。	4	
这个名字真有意思。	4	
那儿没有龙，只有山。	4	
请让我想一下。	4	
这是什么词典？汉法词典。	4	
这两本词典都是你的吗？	4	
是谁的？	4	
我想，这大概是老师的词典。	4	
对，是我的。	4	
我能不能用一下？当然可以。	4	
我不要这两本，我要那两本。	4	
你喜欢哪本？	4	
我借一下，行吗？	4	
他在哪个教室上课，你知道吗？	4	
中国人口很多。	4	
能不能试一试	5	-
我会说一点儿汉语。	5	
这件衬衫多少钱？	5	
你们饭店最好吃的菜是什么？	5	
你想买什么？	5	
我想买一件衬衫。	5	
太贵了！	5	
比较便宜，也比较漂亮。	5	
您还要买什么？	5	
一条裤子。	5	
这条裤子太大。	5	
那您试试这条吧，这条不太大。	5	
我会用筷子。	5	
我不会用电脑。	5	
这件衣服太大(了)，我不能穿。	5	
我和他。	5	
我要买一件衬衫，还要买一条裤子。	5	
让我去吧。	5	
来一个糖醋鱼。	5	
我最喜欢吃辣的，你能不能吃辣的？	5	
来一个红烧牛肉吧。	5	
来三瓶啤酒。	5	
请等一下。	5	
来点儿什么。	5	
我可以看(一)看你的中国地图吗？	5	
请等一下，让我想(一)想。	5	
我想跟你的同学们认识认识，可以吗？	5	
漂亮的地方。	5	
非常好的人。	5	
比较大的饭店。	5	
好吃的菜。	5	
这件衣服。	5	
能不能用一用？	5	
能不能问一问？	5	
有很多不同的中国菜。	5	
广东的菜和四川的菜不一样。	5	
有人说：四川人不怕辣，湖南人辣不怕，江西人怕不辣。	5	
明天打算干什么。	6	-
明天星期六。	6	
我想请你喝咖啡。	6	
明天晚上八点一刻我去接你。	6	
我明天要去打工。	6	
我明天晚上有一个约会。	6	
在家里休息。	6	
我想去打球。	6	
我跟你一起去。	6	
我不喜欢打球。	6	
我喜欢在家里看电视。	6	
明天星期几？明天是星期六。	6	
您哪位？	6	
你好！什么事儿？	6	
什么时候？	6	
今天晚上。行吗？	6	
今天晚上我很忙。	6	
我要去看一位朋友，还要做功课。	6	
明天晚上我有空儿。	6	
在哪儿见面？	6	
明天下午三点半。	6	
星期六上午九点三刻。	6	
这两本书都是你的吗？	6	
她非常忙，我不太忙。	6	
我们八点半上课。	6	
我们明天晚上在咖啡馆见面。	6	
现在几点？	6	
现在十一点二十分。	6	
我想请你一起去看电影。	6	
明天下午两点半我在公园门口等你。	6	
我平时很忙。	6	
我的中国朋友请我去玩儿。	6	
我哪有空儿？	6	
谢天谢地，明天星期六，没有课了。	6	
我不喜欢用爸爸，妈妈的钱。	6	
后天是星期天。	6	
你什么时候回来？	7	-
我打算七月一号以前回来。	7	
我有点儿担心。	7	
请问，可以进来吗？	7	
你们什么时候放假?	7	
四月下旬。	7	
放假以后你打算干什么？	7	
我想去中国旅行。	7	
五月中旬或者下旬。	7	
你一个人去吗？	7	
跟我的女朋友一起去。	7	
我们的汉语不太好。	7	
你别担心。	7	
可以请他们帮助你。	7	
以前，我不会说汉语。	7	
我七点钟以前回来。	7	
来这儿以前，他在北京工作。	7	
以后，我想去北京工作。	7	
来这儿以后，他在我们大学学习。	7	
你打算这个月去还是下个月去。	7	
你要喝茶还是咖啡？茶或者咖啡都可以。	7	
他今天有点儿不高兴。	7	
这件衬衫有点儿贵。	7	
你找谁？我找王老师。	7	
我不知道她叫什么名字。	7	
这儿的老师都是女的。	7	
她戴一副眼镜。	7	
在我们这儿，每位老师都戴眼镜。	7	
她瘦瘦的，高高的，头发长长的。	7	
她穿一条牛仔裤。	7	
他刚出去。	7	
她大概什么时候回来？	7	
你过一会儿再来看看吧。	7	
我的词典在老师那儿。	7	
我们明天去他那儿。	7	
这儿的书比较贵，那儿的书比较便宜。	7	
我今天晚上不回学校去。	7	
他们都高高兴兴的，你为什么不高兴？	7	
他胖胖的，白白的。	7	
他有点儿累。	7	
我没有空儿，不能去旅行。	7	
那个商店的东西太贵，你别去那儿买。	7	
我来找您，可是您不在。	7	
我不知道在什么地方可以买北京地图。	7	
如果您有，我可以不可以用一下？	7	
您在北京有没有朋友？	7	
附近有没有银行？	8	-
邮局就在那个银行的旁边。	8	
地铁站离汽车站远不远？	8	
能不能骑自行车去？	8	
离这儿远不远？不太远。	8	
怎么走？	8	
往前走一点儿，往右拐，过两条马路，就是中国银行。	8	
邮局在那个银行的旁边。	8	
我们现在怎么去市中心呢？	8	
有人告诉我，可以坐地铁去。	8	
你知道怎么走吗？	8	
我们问一下吧。	8	
从这儿到市中心怎么走？	8	
你在学校门口坐139路公共汽车，坐五站，然后换地铁，坐两站，从地铁站出来，就是市中心。	8	
你下车以后往右拐，过马路，就是地铁站。	8	
江山的词典在桌子上。	8	
银行里有很多人。	8	
邮局就在他们公司的右面。	8	
能不能坐飞机去？	8	
我家前面有商店。	8	
我爸爸在左面的银行工作。	8	
我妈妈在右面的邮局工作。	8	
我的学校就在我家后面。	8	
从我家到学校很近。	8	
不用坐公共汽车，也不用开车，只要走过就行。	8	
我以前养过鸟儿。	9	-
以前不行，现在可以了。	9	
听说，你要去北京了？	9	
要是你想去的话，我陪你一起去。	9	
这只小狗真可爱。	9	
我不喜欢养花儿。	9	
听说在中国城市里不能养狗，是吗？	9	
有的人喜欢养猫。	9	
你也喜欢养小动物？	9	
我喜欢小动物，但是不养小动物。	9	
我只能养我自己。	9	
公司让我去上海办点儿事儿。	9	
你对北京很熟悉了吧？	9	
你看这些照片。	9	
你登过长城吗？	9	
不到长城非好汉，我怎么能不登长城呢？	9	
你还去过别的城市吗？	9	
有一个地方我还没去过。	9	
你得给我买机票。	9	
我在北京住过，对北京很熟悉。	9	
我在那个饭店吃过中国菜，很好吃。	9	
她没去过北京，对北京不熟悉。	9	
你知道他住哪儿吗？不知道。他没说过。	9	
你去过中国吗？	9	
我以前每天看电视，现在忙了，没有时间看电视了。	9	
他今天有事儿，不能来上课了。	9	
九点了，我要回家了。	9	
麻烦你了。	9	
太麻烦了。	9	
时间很长。	9	
时间还早。	9	
自己的事儿。	9	
自己的钱。	9	
以前不会说汉语，现在会说汉语了。	9	
听说，你要换工作了。	9	
要是你想拍照的话，我可以帮你拍。	9	
你得问问别人。	9	
能不能请您给我们拍一张照片？	9	
他喜欢登山。	9	
今天晚上我要办两件事儿。	9	
那个地方我没去过。	9	
他家以前养过一只猫。	9	
这个字你认识吗？	9	
我喜欢旅行，但是去过的地方不多。	9	
我得打工挣钱。	9	
一条河。	9	
一条狗。	9	
一条鱼。	9	
一只小狗。	9	
狗是我们的好朋友。	9	
花儿很漂亮。	9	
一只鸟儿在天上飞。	9	
请听我说。	9	
不知道是不是真的。	9	
自己的事自己办，别去麻烦别人。	9	
怎么办？	9	
我想，你大概是中国人吧？	9	
要不要我陪你回家？	9	
现在我得回家了。	9	
你得早一点儿告诉我。	9	
鸟会飞，人不会飞。	9	
这些照片都很漂亮。	9	
我要买一张飞机票。	9	
养花儿比较麻烦，但是很有意思。	9	
他去医院了。	10	-
王英还没来，别的同学都来了。	10	
现在他可能正在吃早饭。	10	
你是不是吃了不干净的东西？	10	
今天早上我吃了几片面包，喝了一杯牛奶。	10	
大家都来了吗？	10	
他住学生宿舍。	10	
每天在学校餐厅吃早饭。	10	
大概还在睡觉呢。	10	
他肯定已经起床了。	10	
你们都错了。	10	
他有点儿不舒服。	10	
天天她在饭店吃早饭。	10	
我们的老师个个都戴眼镜。	10	
这些照片张张都很漂亮。	10	
他怎么啦？	10	
你们打算怎么去？	10	
这些照片怎么样？	10	
医生，我肚子疼。	10	
今天早上吃了什么？	10	
我们去了学校附近的一个饭店，我吃了很多生鱼片。	10	
可能生鱼片不太新鲜。你得吃药。	10	
别着急。我还没说完呢。	10	
厕所在哪儿？	10	
你是不是想买汽车？	10	
他已经来了。	10	
她还没来。	10	
我昨天没吃生鱼片。	10	
王英来了没有？	10	
你在干什么？	10	
我在看书。	10	
我们正在上课。	10	
睡个好觉。	10	
说错了。	10	
写错了。	10	
去医院看病。	10	
看医生。	10	
你是不是不会骑自行车？	10	
这个城市的马路非常干净。	10	
他等了十分钟，菜还没来，他有点儿着急了。	10	
昨天晚上没好好儿睡觉，今天有点儿头疼。	10	
你哪儿不舒服？头疼还是肚子疼？	10	
这个面包是上个星期的，不新鲜了。	10	
我感冒了，身体不舒服。	10	
昨天下午我去医院看了医生。	10	
医生说，我得吃药，还得打针。	10	
你住(在)哪儿？	10	
餐车。	10	
睡了一觉	10	
这条小狗一定是他家的。	10	
你说附近有一个银行，你能肯定吗？	10	
一张床。	10	
在床上。	10	
医学院。	10	
她生病了。	10	
她生了什么病？	10	
他每天看看电视，喝喝咖啡，真舒服。	10	
一个杯子。一杯咖啡。一杯牛奶。	10	
新衣服。	10	
这个汤很鲜，很好喝。	10	
你吃完了没有？	10	
我要上厕所。	10	
他们是什么时候来的。	11	-
你昨天买的那张新地图，能不能借我用一下？	11	
这本书是什么时候借的。	11	
到我房间去拿吧。	11	
吃了早饭，我要陪我爸妈去历史博物馆。	11	
是从法国来的吗？	11	
他们以前没来过中国吧？不，来过。	11	
这已经是第六次了。	11	
他们对中国的经济，文化非常感兴趣。	11	
我去图书馆还书。	11	
一本美国人写的书。	11	
书名叫“怎么跟中国人做生意”。	11	
你也应该看看。	11	
恐怕不行。	11	
快一个月了。	11	
过了期会罚款吧？	11	
图书馆有规定，要是过期不还，每天发一块钱。	11	
哇、这么厉害！	11	
那算了。	11	
这么晚了，我想她不会来了。	11	
你看，这件衬衫怎么样？	11	
我(是)昨天买的。	11	
我(是)在我家旁边的一个小商店买的。	11	
(是)多少钱买的？	11	
今天我(是)早上六点起的床。今天我(是)早上六点起床的。	11	
你去过的地方真多啊！	11	
这是我昨天买的衬衫。	11	
我工作的地方离这儿很远。	11	
这些都是我在中国拍的照片。	11	
这是喝茶的杯子，那是喝咖啡的杯子。	11	
借钱给他。借给他钱。	11	
从图书馆借书。	11	
跟他借钱。	11	
你学过中国历史吗？	11	
你学过中国经济史吗？	11	
第一，第二，第三。	11	
你对什么最感兴趣？	11	
我对他不感兴趣。	11	
那个字是什么意思？	11	
你怕他什么？	11	
这是公司的规定。	11	
他们昨天参观了我们公司。	11	
我最感兴趣的就是经济。	11	
跟这些没文化的人，能说什么呢！	11	
拿这么一点儿钱去做生意，行吗？	11	
你真厉害，他天不怕，地不怕，可就是怕你。	11	
你借的书快到期了吧？小心过了期他们罚你的款。	11	
他们是跟谁一起来的？	11	
我们先去了博物馆，然后去了图书馆。	11	
你拍的照片都很不错。	11	
你先走吧，别等我。	11	
书在桌子上，你自己拿吧。	11	
过期不还的话，肯定会有麻烦的。	11	
已经十一点了，我想她恐怕不会来了。	11	
要是你以后想做生意的话，你应该学经济。	11	
是坐飞机来的吗？不，坐火车。	11	
你昨天干什么了？	11	
您养的小狗很可爱。	11	
这是一本中国人写的很有意思的新书。	11	
这是我在北京的时候拍的一张照片。	11	
我的一位在北京工作的姓张的老朋友明天要来看我。	11	
我在中国拍的照片都在这里。	11	
这些照片都是我在中国拍的。	11	
能把你昨天买的那张新地图借给我吗？	11	
今天下午我们一起去图书馆，他去还书，我去借书。	11	
根据图书馆的规定，要罚款的。	11	
这本书是谁写的？	11	
今天你穿得真漂亮。	12	-
她就是那个唱歌唱得非常好听的女孩子。	12	
祝你越来越漂亮，越来越年轻。	12	
我呀，酒喝得越多，汉语就说得越流利。	12	
我今天有外事活动。	12	
外事活动？去见中国国家主席，还是美国总统。	12	
去见我女朋友的父母亲。这是我第一次去她家。	12	
你女朋友是谁呀？	12	
她就是那个特别可爱，特别漂亮的女孩子。	12	
她就是那个跳舞跳得特别优美的女孩子。	12	
祝你生日快乐！	12	
这是我送给你的一件小礼物。	12	
你属龙，送你一条玉龙。	12	
咱们吃蛋糕吧。	12	
你看，蛋糕上写的是什么？	12	
这不是“生日快乐”四个字吗？	12	
今天马力的汉语说得特别流利。	12	
他还想再喝一杯。好吧。来，干杯！	12	
今年二十，明年十八。	12	
他忙得没空吃饭。	12	
昨天我来得很晚。	12	
这本书写得非常有意思。	12	
她歌唱得很好听。	12	
她舞跳得很优美。	12	
他汉语说得很流利。	12	
我昨天跟他见面了 / 见了面 / 见一个面。	12	
她跳了一个舞。	12	
肚子疼得很厉害。	12	
我得走了。	12	
要是没有水，鱼就不能活。	12	
他活到了九十九岁。	12	
唱一个中国歌。	12	
她很美。	12	
你的孩子这么大了，我都认不出来了。	12	
祝你新年快乐。	12	
他属牛，我属兔。	12	
越跳越高兴。	12	
他比较瘦，比较轻。	12	
我很喜欢他送给我的那件礼物。	12	
想得越多，问题就越多。	12	
这个孩子以后会当总统的。	12	
他只有十四岁，不可以喝酒。	12	
她唱的都是现在流行的歌，唱得很不错。年轻人很喜欢听她唱的歌。	12	
今天你吃得太少了。	12	
他的汉语说得不怎么样。	12	
他越来越客气了。	12	
他还想再去一次。	12	
老板让我明天下午去公司见他。	12	
我们应该送她什么礼物呢？	12	
我是1989年出生的，属蛇。	12	
老师没有回答他的问题。	12	
那个商店卖的东西比较便宜。	12	
他们玩儿得很高兴。	12	
我每天都睡得比较晚。	12	
生意越好，老板就越高兴。	12	
工作做得越多，钱就拿得越多。	12	
一件T恤，一条短裤。	12	
我家乡的天气比这儿好。	13	-
我家乡没有这么热。	13	
我家乡的夏天比这儿凉快多了。	13	
你家乡的天气跟这儿一样吗？	13	
那时候很少下雨，也不刮风，天气好极了。	13	
真热呀！	13	
你不热？还可以。	13	
今天的天气预报你听了没有？	13	
最高温度三十一度，还不是最热的时候。	13	
比这儿更热。	13	
比这儿冷一点儿，最低温度零下八度左右。	13	
那么冷啊。	13	
房间里都有暖气，非常暖和，一点儿也不冷。	13	
冬天很冷，我们常常去滑雪。	13	
夏天很热，我们常常去游泳。	13	
我们的冬天比这儿来得晚，我们的春天比这儿来得早。	13	
也就是说，冬天比较短。	13	
你最喜欢什么季节？	13	
秋天。那时候很少下雨，也不刮风，天气好极了。	13	
那时候，我家乡的枫叶都红了，美丽极了。	13	
一点儿也不知道。	13	
一点儿也不漂亮。	13	
他跟我一样高。	13	
我跟你一样，也喜欢秋天。	13	
他比我高一点儿。	13	
昨天比今天冷一点儿。	13	
她比我高得多。	13	
她比我更高。	13	
我家乡比这儿还热。	13	
他说汉语说得比我好。	13	
今天没有昨天暖和。	13	
昨天没有今天这么冷。	13	
他说得没有我好。	13	
他是一个热心的人。	13	
这个也不错，不过，那个更好。	13	
茶凉了吗？	13	
冬天来了，春天还会远吗？	13	
今天有点儿冷。	13	
你喝热水还是冷水？	13	
今天的温度比较低。	13	
他的汉语比我差多了。	13	
路上有冰，很滑。	13	
她滑了一下。	13	
昨天下了一场大雪。	13	
昨天晚上的雪真大。	13	
在水里游。	13	
时间很短。	13	
她的头发短短的。	13	
中国人怎么过春节。	13	
外面雨下得很大。	13	
外面在刮大风。	13	
明天有大风。	13	
外面风很大。	13	
叶子。	13	
天晴了。	13	
明天多云。	13	
天上的云很漂亮。	13	
地上有冰。	13	
要一杯冰水。	13	
冬天的地方，冰天雪地。	13	
你的家乡一年四季都很暖和，他从来没见过雪。	13	
今天北京的最高温度是四十一度，是历史上气温最高的一天。	13	
在我们的地球上，空气一年比一年差了，气候一年比一年热了。	13	
那个地方冬天太冷，夏天太热，春天雨水太多，只有秋天还比较舒服。	13	
我喜欢夏天，因为可以去游泳；我也喜欢冬天，因为可以去滑雪；我也喜欢春天，因为春天是美丽的季节；我也喜欢秋天，因为我的生日在秋天。	13	
那儿的东西便宜不便宜？一点儿也不便宜。	13	
冬天，我们常常到山上去滑雪。	13	
天气预报说，明天要下雨。	13	
昨天晚上刮大风。	13	
这儿的春天比我家乡来得早。	13	
今天大概有三十五度吧。	13	
今天的最高温度是三十五度左右。	13	
上海跟北京一样，是中国最有名的两个大城市。	13	
北京的面积比上海大得多。	13	
这件衣服跟那件一样大。	13	
你最喜欢哪个季节？	13	
我老家在东北。	14	-
我家北边是山，南边是河。	14	
那儿一定很热闹。	14	
大概需要半个小时。你家离海远吗？	14	
你是北方人吗？	14	
你家在城市还是在农村？	14	
那一定空气新鲜，环境优美，真是个好地方。	14	
好什么呀！交通一点儿也不方便。	14	
我家在市中心。	14	
那儿一定很热闹。	14	
我家东边，西边有很多商店，还有不少饭店，前面是马路，从早到晚，车水马龙。	14	
那多好哇！	14	
好什么！吵死了！	14	
你家在东部还是西部？	14	
家是一个两层小楼，还有一个地下室。小楼后面是一个车库。	14	
你家有院子吗？	14	
我家前面是一个小院子，院子里有很多树和花儿。	14	
从你家到学校远不远？	14	
我每天开车去学校，大概需要半个小时。	14	
我常常去海边。吃完晚饭，我就跟安娜一起去海边散步。	14	
你女朋友也喜欢去海边？	14	
女朋友？谁是我女朋友？	14	
按那是我的狗。	14	
从星期一到星期五我们都上课。	14	
请您给我买一张火车票，好吗？	14	
往前走，然后往右拐。向前走，然后向右拐。	14	
我明天跟朋友一起去打球。	14	
这件礼物是为你买的。	14	
我没有时间，不想去了。	14	
昨天我没有时间，没去。	14	
你别去了吧。	14	
他会说汉语，还会说日语。	14	
他刚回来。	14	
他已经回来了。	14	
他还没回来。	14	
那儿常常下雨。	14	
那儿很少下雨。	14	
前面就在我家。	14	
村里有一个老人。	14	
交朋友。	14	
电话不通。	14	
这条马路不通。	14	
这条河通往哪儿？	14	
你见过龙马？	14	
比吵了。	14	
外面太吵了。我不能休息。	14	
一条死鱼。	14	
他已经死了。	14	
外面吵死了。	14	
五层楼。	14	
他住在三层。	14	
一个大楼。	14	
他住在三楼。	14	
一棵树。	14	
树叶。	14	
花开了。	14	
火车开了。	14	
现在离下课还有五分钟。	14	
你的汉语有了很大的进步。	14	
这本书我下个星期还你，可以吗？	14	
房间里很干净。	14	
星期天你打算干什么？	14	
衬衫和裤子我都要买。	14	
春天很暖和。	14	
我家附近是大海，海边有很多树，树上有很多鸟儿。	14	
我需要一个好一点儿的工作环境，现在的工作环境太差了！	14	
她住楼上，我住楼下。我天天楼去看她，她天天下楼来看我。	14	
这个城市环境越来越美丽了，商店越来越多了，交通越来越方便了。	14	
昨天晚上我家来了十几个客人，我们一起唱歌，跳舞，热闹极了。	14	
教室对面。	14	
我家北边是公园，南边停车场。	14	
那儿肯定很热闹。	14	
不太远，开车的话，大概需要半个小时。	14	
他的老家有很多山，所以交通不太方便。	14	
我家在市中心，从早到晚，车水马龙，热闹极了。	14	
你打算到哪儿去？	14	
他对我们非常客气。	14	
到十字路口，往右拐，就是我家。	14	
小楼后面，是一个车库。	14	
我家在法国西部。	14	
院子里有很多树和花儿。	14	
他现在可能还在睡觉。	14	
男的现在的家没有院子。	14	
男的不知道养什么花儿比较好。	14	
我家在市区，那儿很热闹。	14	
我家附近有一个大超市。	14	
我每天坐地铁上班，只要半个小时。	14	
最大的问题，我家在吗马路旁边，从早到晚，车水马龙，吵得我不能休息。	14	
我们下个月就要搬家了。新家比较远，在郊区，不过没关系，我刚买了汽车。	14	
我开车带你去。	14	
我学过半年汉语。	15	-
我学了六年法语了，但是说得不好。	15	
你看，我们一个星期见几次面？	15	
每次多长时间？	15	
我再说一遍。	15	
我先自我介绍一下，我叫雅克，是加拿大人，很高兴认识你。	15	
我学过半年汉语，说得不太好。	15	
我是法语专业大学一年级学生。	15	
你普通话说得很标准，法语也说得非常流利。	15	
哪里哪里。我的法语阅读还可以，听力和口语都不太好，写作也不行。	15	
我想找一位母语是法语的外国人，练习练习听力和口语。	15	
每次练习两个小时法语，一个小时汉语，怎么样？	15	
我听得不太清楚。	15	
我们先用十分钟时间听写几个句子，每个句子我只说三遍。	15	
第一句：我们骑自行车去，我们不坐汽车去。	15	
老师，您说得太快了，请您说得慢一点儿。	15	
我再说一遍：我们骑自行车去，我们不坐汽车去。	15	
现在我说最后一遍：~。	15	
太难了！“自行车”是什么？	15	
“自行车”，我们不是早就学过了吗？	15	
对不起，我忘了。那是一种食品吗？	15	
你呀，太不努力了！	15	
昨天晚上我喝酒喝了一个多小时，现在还有点儿糊里糊涂。	15	
一年，一个月，一天，一(个)星期，一(个)小时，一刻钟，一分钟。	15	
半年，半个月，半天，半(个)星期，半(个)小时，半分钟。	15	
一年半，一个半月，一天半，一个半星期，一个半小时。	15	
我每天工作八个小时。	15	
我等了三个小时。	15	
昨天晚上我喝酒喝了三个小时。	15	
我每天看三个小时(的)电视。	15	
我等了半个小时(的)公共汽车。	15	
我等了你半个小时了。我等你等了半个小时了。	15	
每个句子我只说三遍。	15	
她来过一次。	15	
我在他家吃过三次饭。	15	
我听了三遍录音。	15	
我去过那儿两次。	15	
我问过两次雅克。我问过雅克两次。	15	
他看书看得非常专心。	15	
一年级。	15	
初级，中级，高级。	15	
我是一普普通通的人，住在一个普普通通的地方。	15	
我的手表有时候快，有时候慢，不太准。	15	
我很有能力。	15	
这个语法你再练练。	15	
河里的水很清。	15	
我没有钟，没有表，不知道时间。	15	
从我家到公司需要一刻钟。	15	
汉语不太难。	15	
气车开得很慢。	15	
他的进步慢，我的进步快。	15	
对不起，我忘了你的名字。	15	
我不喜欢这种人。	15	
这种鱼我以前在我家乡见过。	15	
他们相爱了。	15	
你们在谈什么？	15	
昨天晚上我跟她谈了一个小时的话。	15	
我要考考你们。	15	
明天考什么？考听力还是考口语？	15	
我能不能试一试？	15	
我买了一些食品。	15	
你们别吵，他在睡觉。	15	
你看电视看得太多了。	15	
明天有口语考试。	15	
你们在哪个教室上课？	15	
今天的课文难不难？	15	
我们互相帮助，互相学习。	15	
他说得非常清楚，我听得十分明白。	15	
今天早上我走的时候忘了关门，真糊涂！	15	
在介绍自己的时候，他说他是一普普通通的人。	15	
老师说，这次听力考试很容易，人人都能通过。	15	
已经学过了。	15	
刚刚学过。	15	
你写得太小了，请您写得大一点儿。	15	
我的汉语阅读还可以，写作不行。	15	
我的汉语发音还可以，语法不行。	15	
你学了多长时间(汉语)了？我学了两年(汉语)了。	15	
我跟他见过一次面。	15	
我每天看一个小时电视。	15	
我听了两遍录音，可还是不明白。	15	
我去过那儿很多次。	15	
你听不听课文的录音？听几遍？	15	
你想提高你的法语听说水平吗？那么，跟我交朋友吧！	15	
大学三年级学生。	15	
母语是法语。	15	
我能说一些简单的汉语，但是说得不流利。	15	
我希望找一个能说标准普通话的中国人，练习汉语听力和口语。	15	
我们可以用一半时间说汉语，一半时间说法语。	15	
我每天晚上都有空，周末也可以见面。	15	
如果你有兴趣，请给我打电话。	15	
昨天给您打了几次电话，都没打通。	16	-
您下星期二到没有问题吧？	16	
看来不行了，要推迟到星期三。	16	
星期二的火车票已经卖完了。	16	
星期三的参观活动都已经安排好了。	16	
有些什么活动?	16	
上午参观金融贸易中心，下午去市场看看，晚上我们领导请您吃饭，几家外贸公司的经理也参加。	16	
我马上去买下个星期二的飞机票。	16	
买到以后请您给我们发一个传真，告诉我们您的航班。我们去接您。	16	
怎么回事？他撞了我。	16	
你骑车的时候没看到她要过马路吗？我穿着雨衣，没看清楚。	16	
他骑得很快，右手还拿着东西。	16	
你过马路的时候，没看见他骑自行车过来吗？我打着雨伞，没看清楚。	16	
我们都摔倒了。	16	
我的自行车摔坏了。我的眼镜摔破了。	16	
摔伤了没有？	16	
背上有点儿疼。	16	
这样吧，你陪她去医院检查一下身体。检查完以后，你陪他去修自行车。	16	
考试的时候可以看词典吗？	16	
在北京的时候，他拍了很多照片。	16	
我们到他家的时候，他正在吃饭。	16	
衣服摔破了。	16	
电话用坏了。	16	
衣服穿坏了。	16	
肚子吃坏了。	16	
他撞倒了一个行人。	16	
我没买到火车票。	16	
电话没打通。	16	
你摔(伤)没摔伤	16	
练习还没做好。	16	
门没关好。	16	
词典没买到。	16	
今天早上我看到她了。	16	
汽车开到学校门口。	16	
昨天上到第八课。	16	
晚上看书看到十一点。	16	
这几天你看见过他妈？	16	
你说什么？我没听见。	16	
你手里拿着什么？	16	
房间里有的人站着，有的人坐着。	16	
他穿着一件红衬衫，戴着一副眼镜。	16	
房间的门开着，可是里边没有人。	16	
他推开门进去了。	16	
他推着自行车走。	16	
活动推迟了。	16	
你来得太迟了。	16	
他跟女朋友约会从来不迟到，可是上课常常迟到。	16	
在这儿生活很安全。	16	
这个星期天有什么安排？	16	
下了一场(2)大雨。看了一场(3)电影。	16	
他领我们参观了他的公司。	16	
二加二等于四。	16	
我传给他一个球。	16	
班里有二十个学生。	16	
你不要谢我，应该谢他。	16	
警车。	16	
两辆汽车相撞了。	16	
他手里拿着一本书。	16	
一把雨伞。	16	
你这样做不会有好结果的。	16	
考试的结果出来了吗？	16	
马上太滑，她不小心摔倒了。	16	
我的雨伞坏了，不能用了。	16	
她穿着一件破衣服。	16	
他打破了一个杯子。	16	
女朋友跟他分手了，他很伤心。	16	
检查身体。	16	
你常常查词典吗？	16	
我今天身体有点儿不舒服。	16	
修马路。	16	
修电视机。	16	
前面发生了交通事故，警察马上就来。	16	
我身体不舒服，今天在家里休息，不能来上课了。	16	
刚才经理说的话一点儿没有道理，所以我们都没理他。	16	
路上太滑，他骑自行车摔倒了，摔伤了手，摔破了衣服，摔坏了自行车。	16	
我们在海边散步的时候，拍了很多照片。	16	
谈好生意以后请您给我们发一个传真。	16	
下星期一的飞机票已经卖完了。	16	
昨天的晚会你参加了没有？	16	
欢迎你们来参观我们公司。	16	
前面是不是发生了交通事故？	16	
上完大学以后，你打算做什么工作？	16	
我有个朋友想去贵校学习，能不能给他安排一个房间？	16	
你明天有什么打算？	16	
昨天晚上刮大风，刮倒了很多大树。	16	
这本词典破了，能不能换一本？	16	
我的汽车坏了，我要请人修一下。	16	
她的话伤了我的心。	16	
我肚子有点儿疼。	16	
昨天晚上你们谈了很长时间吧？没有我们谈到九点就休息了。	16	
你上午去书店了？是啊，我想买一本汉英词典。可是汉英词典卖完了，我没买到。	16	
这两个句子我写得对不对？有两个汉字你写错了，别的都对。	16	
喂，王海在家吗？这儿没有王海，你打错了。	16	
你怎么啦？| 我肚子疼。| 你是不是吃了不新鲜的东西，吃坏了肚子？	16	
路上有雪，小心别摔倒。| 放心吧	16	
他戴着眼镜，穿着红衬衫，手里拿着花儿。	16	
老师在教室里站着，同学门都坐者。	16	
我们什么时候能学完这本课本？	16	
听说您的房子要出租？是的。如果你们想租的话，现在就可以搬进去。	17	-
在几楼？六楼。上去看看吧？	17	
有没有电梯？没有，得走上去。	17	
每天，走上走下，太累了。| 没关系，还可以锻炼身体呢！	17	
这套房子一个月多少钱？三千块。	17	
一点儿也不贵。你看，这套房子有两个大房间。电视机，电冰箱，洗衣机，电话，都有。还有空调。	17	
要付押金吗？付一千块押金，搬出去的时候还给你。	17	
这是合同。| 嗯……我们回去想想吧，明天打电话告诉你。这合同我们可以带回去看看吗？	17	
这么热的天，房间里没有空调，真让人生气！| 是啊，太不像话了！	17	
给钱太太打个电话，看她怎么回答。	17	
空调已经拆下来好几天了，修好了没有啊？对不起，还没修好。	17	
师傅说，这台空调太旧了，没办法修。	17	
看来只好换台新的。	17	
那就麻烦您快点儿买来装上去。	17	
我一有空儿就去买。| 您什么时候有空儿呢？我们热死了！	17	
我今天下午就去电器商店看一下。如果能买到的话，马上就让商店送过来。	17	
他从商店买来一台空调。	17	
这合同我们可以带回去吗？	17	
她走进房间来了。	17	
我们得走上楼去。	17	
他带了一份合同回来。他带回一份合同来。他带回来一份合同。	17	
租一个公寓。	17	
出租房子。	17	
例如。	17	
搬家。	17	
你们搬到哪儿去？	17	
请搬一张桌子进来。	17	
工作了一天，真累！	17	
锻炼身体。	17	
一套书。	17	
他跟我很合得来。	17	
他跟我合不来。	17	
请大家合上课本。	17	
词典带了没有？	17	
姐姐和妹妹很像。	17	
他像他妈妈。	17	
这个人我好像见过，可是忘了他的名字了。	17	
你怎么可以拆我的言。	17	
他们正在拆房子。	17	
一台电脑。	17	
旧房子。旧书	17	
装上车。	17	
卫生纸。	17	
这句话是什么意思？	17	
这个故事很有意思！	17	
给您带来这么多的麻烦，真不好意思。	17	
他每天都锻炼身体。	17	
空调买回来了，还没装上去。	17	
这些问题合同上都没写清楚。	17	
最好的办法是租一辆自行车，走遍全城。	17	
如果你心里有什么想法，就说出来吧。	17	
他们搬家了。搬到哪儿去了，我也不知道。	17	
我想租一个公寓两千块左右，有电话有空调的，你能不能帮我找找？	17	
他住在二十一层，有一天，电梯坏了，他只好慢慢儿走上去。从那以后，他就找到了一个锻炼身体的好办法。	17	
坐电梯。	17	
生谁的气。	17	
走进房间来。走出教室去。	17	
如果你们想换钱的话，现在就可以去银行。	17	
每天搬上搬下，太累了。	17	
要不要上楼去看看？	17	
要不要进房间去?	17	
我一有空就去买。	17	
我一下课就回家。	17	
我一高兴就唱歌。	17	
我一去人多的地方就头疼。	17	
他每天起床以后第一件事就是锻炼身体。	17	
他每天晚上用一个小时练习汉字。	17	
他有两套房子，一套租给别人，一套自己住。	17	
他在学校附近租了一个公寓，这样，住得比较舒服，去学校也比较方便。	17	
请你发一个传真给他，告诉他我们的航班，请他去接我们。	17	
您放心，您买的电视机今天下午就给您送过去。	17	
下课了，同学们一个个都走出教室去。	17	
我朋友从北京带来了一些中国的工艺品。	17	
昨天我们去医院看一位朋友，给他带去了一束鲜花。	17	
他从房间里搬出来一台电视机，放在门外面。	17	
他住在二十楼，今天电梯坏了，他只好走上楼去。	17	
我一有空就出去打工。	17	
他一回来就看电视。	17	
一放假，我们就去旅行。	17	
这套公寓有两个卧室，一个客厅，一个卫生间，一个厨房。	17	
搬进去没几天，空调就坏了。	17	
她们很生气，给房东打了好几个电话。	17	
房东给她们送来了一台新空调。	17	
装上新空调，她们刚开始高兴了两个小时，麻烦又来了：电话机出了问题，别人可以打进来，她们不能打出去。	17	
今天晚上有一场京剧，咱们一起去看吧，怎么样？	18	-
我恐怕听不懂吧。| 没关系，是武打戏，你听不懂，一定看得懂。	18	
我说不出他们的名字，不过报纸上说，那些演员都挺有名的。	18	
票买得到吗？没问题，肯定买得到。	18	
最好是前面的座位。我眼睛不好，坐在后面看不清楚。	18	
咱们几点出发？	18	
京剧晚上七点开始，咱们六点一刻出发吧。	18	
半个小时赶得到吗？赶得到。咱们坐出租车去，不堵车的话，一刻钟就到了。	18	
看，小雨累得连话都说不出来了。	18	
小雨爬不动了，咱们休息休息吧。	18	
让我喝点儿水。……到山顶还有多少路？	18	
咱们才爬了一半儿，还有一半儿。	18	
看来，我爬不到山顶了。你们上吧，我在山下等你们。	18	
平时运动得太少。	18	
不是运动的太少，是事儿太多，多得做不完，哪有时间运动？	18	
不是没有时间，是太懒了吧？	18	
不能只想着工作，也要注意休息。	18	
我建议你以后每天早上出去跑步。	18	
以后我教你打太极拳。	18	
你们快走吧，让我在这儿安安静静地休息一会儿。	18	
这个问题太容易了，连孩子也能回答。	18	
他太忙了，连饭都没有时间吃。	18	
我走不动了，休息休息吧。	18	
他非常高兴地唱了一个歌。他高高兴兴地唱了一个歌。	18	
他说的话我都听得懂，你说的话我都听不懂。	18	
字写得太小，我们看不清楚。	18	
门太小了，汽车开不进去。	18	
京剧票买得到吗？	18	
这本书一年学得完学不完？	18	
对不起，你没买票，不能进去。	18	
他没说清楚。	18	
他给我带来几块巧克力。	18	
我给他带去一盒茶叶。	18	
这台电视机是从他房间里搬出来的。	18	
我的汉语不太好，说不清楚。	18	
门关着，我们进不去。	18	
门太小，电视机太大，搬不出来。	18	
你打球打得不错。	18	
这本书他已经看了两遍了。	18	
工作了一天，我累极了。我累死了	18	
你懂不懂我的意思？	18	
他们演得很好。	18	
她天天看报。	18	
纸上写着什么？	18	
一座大楼。一座大山。	18	
你赶几点的飞机。	18	
车太多，马路有点堵。	18	
他太忙了，连星期天也不休息。	18	
房间里才四个人。	18	
他们学校才三百个学生。	18	
两点半上课，可是他三点钟才来。	18	
汽车开得很慢，开了一个多小时才到那儿。	18	
马路不平。	18	
请注意：“注”和“住”是不一样的。	18	
过马路的时候要注意汽车。	18	
我有个建议。	18	
我建议你学习打太极拳。	18	
我们打算在那儿建一座大楼。	18	
她天天早上跑步。	18	
他跑得没有我快。	18	
我教汉语。	18	
打拳。	18	
影子。	18	
这是我们班同学的合影。	18	
买一本杂志。	18	
中文报纸你看得懂吗?	18	
我最喜欢的运动是爬山。	18	
他手里拿着一本杂志。	18	
你们连这种东西也吃呀？在我们那儿，这种东西连狗都不吃。	18	
我需要一个安静的环境，现在住的地方从早到晚吵吵闹闹的，连睡觉都睡不好，还怎么工作？	18	
他以前是个京剧演员，他想教他的孩子唱京剧，可是孩子对京剧不感兴趣，他想做电影演员。	18	
每天早上，他在院子里打拳，她在院子外面打球；每个星期天，他出去爬山，她出去跑步。	18	
他们说了半天，我在旁边一句话也没听懂。我说，我听不懂他们在说什么，他们说，听不懂最好，那他们就放心了。	18	
演了一场(3)京剧。	18	
慢慢地走过来。	18	
高兴地告诉他。	18	
连一分钱也没有。	18	
连小孩子也知道。	18	
我恐怕做不完吧。	18	
房子租得到吗？肯定租得到。	18	
我跑不动了。我骑不动了。我走不动了。	18	
十分钟赶得到吗？恐怕赶不到。	18	
他累得连路都走不动。	18	
请注意“参”这个字的发音，是cān，不是kān。	18	
他们有两位汉语老师，一位教读写，一位教听说。	18	
你这么着急，是要去赶几点的飞机？	18	
小时候，他喜欢爬树;大了以后，他喜欢爬山。	18	
每天早上，我们都能看到他在校园里跑步。	18	
他做的菜很好吃。他菜做得很好吃。	18	
老师，黑板上的字太小了，我看不清楚。	18	
我到电影院的时候，电影票已经读完了，我没买到。	18	
这是我的房间，可是我忘了带钥匙，进不出。	18	
你今天穿得这么漂亮，有什么重要的活动？	18	
那天，我去电影院看一部外国电影。我一进去，电影就开始了。	18	
他们在我前面的座位上坐下，然后就开始不停地说话。	18	
电影里的谈话我一点儿也听不见。	18	
我很生气，对他们说：“你们怎么回事？我一点儿都听不见了！”。	18	
哎呀，我的钱包呢？是不是丢了？	19	-
刚才下车的时候，是我付的钱，那时候钱包还在。	19	
付钱以后，你把钱包放在哪儿了？	19	
糟糕！我把钱包忘在座位上了。| 你怎么搞的！	19	
赶快给出租车公司打电话。你还记得车号吗？我一点儿也想不起来了。	19	
发票拿了吗？我觉得发票没用，就把它扔到垃圾箱里去了。	19	
钱包里有多少钱？大概五百欧元。| 那把这五百欧元送给司机了。	19	
我是出租汽车司机，今天上午你们坐过我的车。你们是不是把什么东西忘在车上了？	19	
我们把钱包忘在车上了。	19	
我马上把钱包给你们送过来。	19	
哎呀，太感谢您了！您是怎么发现我们的钱包的？	19	
有一位乘客看到了钱包，把它交给了我。	19	
真是一位好人。那您怎么会知道我们的电话号码呢？	19	
我们把钱包里的东西拿出来一看，发现里面有一张纸，上面有你们住的宾馆的名字和地址。我打电话给宾馆，总台就把电话转到了你们房间。	19	
可不是，刚才我妈妈把我骂了一顿呢。钱包里有护照和其他证件，要是丢了就麻烦了。	19	
你要是没有时间，就别去了。	19	
如果你不方便的话，我就不去了。	19	
妈妈刚才把我骂了一顿。	19	
他把花儿放在桌子上。	19	
他把花儿送给他女朋友。	19	
他把花儿送到女朋友家里。	19	
我们把这些东西搬上楼去吧。	19	
你不能把这些钱拿回家去。	19	
我把词典买来了。我把本词典买来了。	19	
我昨天把那本书还给图书馆了。我不想把那本书还给图书馆。我还没有把那本书还给图书馆。	19	
我的钱包丢了。	19	
我丢了钱包。	19	
把房间出租给别人。	19	
他这一次考得很糟。	19	
你一定要跟他们搞好关系。	19	
生词太多，我记不住。	19	
今天学习的汉字都记住了吗？	19	
我以前好像见过他，可是他的名字我不记得了。	19	
把球扔过来！	19	
这些东西别扔了，以后还有用。	19	
乘出租汽车。乘火车。乘飞机。	19	
请把这件礼物转交给他。	19	
他回来以后，请你转告他，明天晚上我请他吃饭。	19	
别学骂人话。	19	
孩子做错了事，你别骂他。	19	
一顿饭。	19	
打了一顿。	19	
睡袋。	19	
一袋大米。	19	
他很诚实。	19	
他是一个诚实的人。	19	
糟糕！我的钱包丢了。	19	
护照，学生证都在那个包里。	19	
他把宾馆的地址写在一张纸上。	19	
我把发票扔到垃圾箱里去了。	19	
那些垃圾邮件常常把他搞得十分头疼。	19	
真不好意思，我没想到这件事办得这样糟糕。	19	
我们公司打算把总部搬到那儿去，因为，可以肯定地说，十年以后，那儿是东亚最重要的金融贸易中心。	19	
小偷把他钱包里的现金都拿走了，把钱包里的护照和其他证件扔在垃圾箱里。有一位工人发现了这些证件，把它们交给了警察。	19	
对每一位上车的乘客，司机总是点点头，说“您好”对每一位下车的乘客，司机总是说：“您走好，再见！”	19	
在汽车上。在火车上。在飞机上。	19	
开一张发票。	19	
交房租。交上来。交上去。	19	
交到哪儿去。	19	
放书。放下。放在床上。放在口袋里。	19	
你把礼物放在哪儿了？我把礼物放在包里了。	19	
我把它扔到河里去了。	19	
你买的花儿真漂亮！| 我要把它送给我的父母亲。	19	
你还记得我们三年前在上海见过的那个老人吗？我一点儿也想不起来了。	19	
你还记得我吗？我们去年见过一面。	19	
朋友们的电话号码，他都记在心里。	19	
他只听我说一遍就记住了。	19	
你刚才去哪儿了？	19	
我刚到这儿，对附近还不熟悉。	19	
刚才我在他家吃饭的时候，发现他家的人都爱吃甜食。	19	
他一天只吃两顿：早饭和晚饭，不吃午饭。	19	
这本护照上的照片看上去不像你。	19	
他的听力真糟糕，我说了三遍他才明白。	19	
他买了一束漂亮的花儿，打算把花儿送给他女朋友。	19	
我住在六楼。我让他们把空调送到家里，可是师傅把空调放在楼下就走了，我得自己把空调搬上楼去。真不像话！	19	
别人都把冰箱放在厨房里，可他把冰箱放在卫生间，真奇怪！	19	
这里不能停汽车，请你把汽车停到车库里去。	19	
他把房间租给了一个外国人。	19	
咱们把洗衣机搬到卫生间去吧。	19	
第一次见到这么糊涂的老外：把钱包忘在了出租车的座位上。	19	
老王就把钱包交给了公司领导。	19	
领导打开钱包一看，里面有五百美元，还有一张信用卡，其他什么也没有。	19	
发票上有公司的电话号码。	19	
我今天下午运气坏透了！	20	-
我一吃完午饭，就去银行取钱。	20	
那很方便呀，五分钟就够了。	20	
一开始就不顺：电脑坏了，等了一个多小时才拿到钱。	20	
是吗？有这样的事儿！	20	
从银行出来，我去邮局寄挂号信。路上骑车骑得太快，没注意红绿灯，差点儿让汽车撞了一下。	20	
走出邮局，发现自行车不见了。| 叫人偷走了？| 可不是。| 你真倒霉。	20	
我记得几年前我来这儿的时候，这条河污染很严重，河里的鱼都被毒死了。	20	
现在河水变清了，你看，河里又有鱼了。	20	
这些树都是一两年前栽的吧？	20	
上次我来的时候，这儿正在修路，路两边的树都被砍倒了。	20	
现在，政府规定不能随便砍树。	20	
那几块草地也不错。咦，我记得那儿以前好像是一些小饭店，卖各种小吃。	20	
那些旧房子早就拆掉了。	20	
那太可惜了！我在那儿吃过几次，味道不错。	20	
如果不拆掉那些旧房子，怎么会有这么漂亮的草地呢？	20	
树叶还没有红透。	20	
我今天倒霉透了。	20	
去银行取钱。	20	
他取得了很大的进步。	20	
已经点了很多菜了，够了，不要再点了。	20	
你的汉语进步很大，可是还不够流利。	20	
顺着这条路一直走，前面就是我们学校。	20	
祝你工作顺利！	20	
顺便问一下。	20	
他脑子很好。	20	
他的脑子跟电脑差不多。	20	
这封信寄给谁？	20	
这封信寄到哪儿去？	20	
墙上挂着一张照片。	20	
去医院看病要先挂号。	20	
寄挂号信比较放心。	20	
一封信。寄信。	20	
草绿了，花开了，春天来了。	20	
电灯。开灯。关灯。	20	
偷东西。小偷。	20	
把头发染成红色。	20	
老师对我们很严格。	20	
门关得严严的。	20	
要重视环境问题。	20	
你有多重？	20	
这个会很重要。	20	
发生了严重的交通事故。	20	
毒气。病毒。	20	
他变了。	20	
这个地方变化很大，变得我都认不出来了。	20	
他昨天来过，今天早上又来了，他说他明天还要再来一次。	20	
在路的两边都栽上树。	20	
前人栽树，后人乘凉。	20	
请随便坐。	20	
随便做什么都可以吗？	20	
各人有各人的爱好。	20	
商店里有各种各样的衣服，可是她都不喜欢。	20	
天上会掉下面包来吗?	20	
他把家里的东西都卖掉了。	20	
家里的钱都被他吃掉了。	20	
爱惜。爱惜时间。爱惜生命。	20	
味道好极了。	20	
他的课上得很有味道。	20	
保卫国家。	20	
一定要保护好环境。	20	
大家都觉得，不能对这种不合法的做法开绿灯。	20	
我们相信你一定能把这个工作做好。我们对你有相信。	20	
在一个黑色的星期五，他的电脑病毒发作，电脑里的东西一点儿也没有了，他伤心得两天没吃饭。	20	
这本书写的是环境保护问题，书上说，地球只有一个，保护环境不只是政府部门的事，也是我们每一个人的事。	20	
糟透了。坏透了。忙透了。	20	
掉在地上。	20	
吃掉。卖掉。送掉。砍掉。烧掉。	20	
变大了。变老了。变瘦了。变漂亮了。	20	
又来了。又下雨了。	20	
我等了半天才见到他。	20	
院子里的花儿都被毒死了。	20	
我的自行车叫人借走了。	20	
一欧元换多少人民币？	20	
天气变得越来越热了。	20	
你寄给我的信，我收到了。	20	
刚才我接到一个电话，是一个不认识的人打来的。	20	
他发给我们的电子邮件有病毒，别打开。	20	
我骑得太快，没注意红绿灯，差点儿被车撞了一下。	20	
你觉得现在有哪些污染？我们应该为保护环境做些什么？	20	
雅克这次来，发现这儿有了很大的变化。	20	
上次来的时候，污染很严重，河水发臭，河里的鱼被毒死了，空气也不好，绿地很少，路两边的树被砍倒了。	20	
这次来，河水变清了，河里又有鱼了，天比以前蓝了，地比以前绿了。	20	
他还发现，马路比以前干净了，交通也比以前方便了，商店里更热闹了，服务员更客气了。	20	
人们穿得比以前漂亮了。	20	
熊猫很可爱。它耳朵小小的。眼睛大大的。尾巴短短的。身体胖胖的。它喜欢吃竹子。	21	-
每天走来走去，爬上爬下。白天睡懒觉，晚上开夜车。	21	
他一顿能吃三个汉堡包。	21	
它生活在中国四川省。	21	
你说的是中国的大熊猫？我说的是我们的一位同学，我们都叫他“熊猫”。	21	
他们怎么没去教堂举行婚礼？入乡随俗嘛。	21	
他姓李，也是我们学校毕业的。	21	
听说新郎，新娘是同事？	21	
他们俩在同一个公司工作，谈恋爱谈了一年多了。| 听说最后差点儿没谈成？	21	
小李的母亲听说了这件事以后，不太同意。	21	
把女儿交给一个“老外”，能放心吗？	21	
是有点儿不放心。怕小李跟一个外国人在一起过不惯。	21	
已经谈了一年多了，还会有什么问题？	21	
还有一个原因，小李比他大两岁。| 大两岁有什么关系？	21	
你知道吗？小李属虎，马力属龙。老人说，要是一个属虎，一个属龙，以后会吵架的。| 岂有此理！	21	
你学了这么长时间的汉语了，连这也不懂？	21	
见了几次面以后，他们发现，马力汉语说得很流利，脾气也很好，做事也非常认真，马力跟小李的感情也确实非常好。所以，她母亲就不反对了。	21	
马力，今天得多喝几杯呀。| 不行，我喝不下了，我就要喝醉了。	21	
你们俩还没喝交杯酒呢！	21	
不行，不行。这是交杯酒，你只能跟新娘喝。	21	
这个叫什么？红叶，这就是著名的香山红叶。	3-1	-
你把它放在书里干什么？当书签用。	3-1	
小心点儿，别把它弄破了。	3-1	
加拿大的枫叶是非常有名的。	3-1	
到了秋天，到处都可以看到红红的枫叶，漂亮极了！	3-1	
看来你很喜欢枫叶。| 那当然，没有不喜欢枫叶的加拿大人。我们还把枫叶放在了国旗上。	3-1	
难怪人们常常把你们加拿大叫做“枫叶之国”。	3-1	
这个词很有意思，我要把它记下来。你有笔吗？借我用一下。	3-1	
枫叶是加拿大的象征。可是，你知道加拿大国旗上的枫叶一共有几个角吗？	3-1	
这个问题可真把我问住了。让我想想……	3-1	
我以前从来没有听说过。	3-1	
这也是男朋友送给她的唯一的礼物。	3-1	
男朋友捧着自己摘来的红叶，就像捧着自己的心，请她收下。她感动得差点儿流下了眼泪。	3-1	
有人笑话陈静，说她找的男朋友太小气了，舍不得花钱买礼物。	3-1	
她觉得爱情不需要用钱来表达，重要的是男朋友爱不爱她。	3-1	
香山的红叶红红的，圆圆的，看上去真有点儿像一颗心。	3-1	
难怪陈静那么爱惜，生怕把它弄破了。	3-1	
他看上去只有二十岁。	3-1	
看上去马上要下雨了。	3-1	
她把我的衣服弄脏了。	3-1	
老师把我的名字写错了。	3-1	
要是你能这个问题说清楚，你就可以走了。	3-1	
我的电脑坏了，你能把它修好吗？	3-1	
我要把它记下来。	3-1	
请你把那本书拿过来。	3-1	
请大家把作业交上来。	3-1	
风把衣服刮掉了。	3-1	
孩子的话把她气坏了。	3-1	
狗是很聪明的。	3-1	
我觉得你这样做是对的。	3-1	
我想她是不会这样做的。	3-1	
上课的时候是不能睡觉的。	3-1	
今天是不会下雨的。	3-1	
从来不喝酒。从来不生气。从来没去过。从来没听说过。	3-1	
唯一的办法。唯一的一次。	3-1	
怕别人笑话。	3-1	
舍不得吃。舍不得穿。舍不得离开。	3-1	
看上去很美。看上去很厉害。看上去像一只猫	3-1	
对不起，把你的新衣服弄脏了。	3-1	
对不起，把你借给我的雨伞弄丢了。	3-1	
世界上一共有多少个国家？这个问题可真把我问住了。	3-1	
听说田中找到工作了。| 难怪她这两天这么高兴。	3-1	
我不怕她们的笑话。	3-1	
这么大的事情，我不会忘。	3-1	
我觉得这种东西不能当做生日礼物送人。	3-1	
雅克想用红叶表达爱情。	3-1	
红豆是中国南方的一种树，红豆树的种子。	3-1	
因为它是鲜红色的，所以叫红豆。	3-1	
红豆在中国古代文化象征着相思，所以红豆也叫相思豆，红豆树也叫相思树。	3-1	
很多人喜欢用红豆表达对朋友，恋人的感情。	3-1	
我今天晚上要参加一个非常重要的生日晚会。	3-2	-
谁的生日那么重要？是你男朋友吗？	3-2	
今天是我侄儿一周岁生日，我们全家都要参加。	3-2	
一周岁的孩子也开生日晚会？	3-2	
亲戚朋友都要去祝贺。	3-2	
孩子那么小，他懂什么呀？	3-2	
这孩子，谁见了谁夸。今天他是主角，还要给大家表演节目呢。	3-2	
大人把很多东西放在孩子面前，让他抓，先抓什么，将来他就可能喜欢做什么，或者是跟那个有关的事。这叫抓周。	3-2	
他才一岁，什么都不懂啊。	3-2	
谁也不知道他会先抓什么。	3-2	
我可以把票送给别人。对了，我送点儿什么礼物给孩子呢？	3-2	
你想送什么就送什么，什么都不送也没关系。	3-2	
我这儿有加拿大巧克力、不知道他喜欢不喜欢。| 肯定喜放。小家伙最爱吃了。	3-2	
今天我本来想请陈静去看电影。票已经买好了，可是陈静说，今天是她侄儿的一周岁生日，要举行一个抓周仪式。	3-2	
我很想知道中国的抓周是怎么回事，就跟陈静一起去了。	3-2	
晚会是在一家挺高级的饭店举行的。	3-2	
陈静的侄儿长得又白又胖，特别爱笑，样子很可爱，看上去是一个聪明，活泼的孩子。	3-2	
参加晚会的人很多，每个人都给孩子送了红包。	3-2	
因为我只给孩子带了一盒巧克力，所以有点儿不好意思。但是陈静说没关系，“礼轻情义重”嘛。	3-2	
抓周开始了，大人们在桌子上放了很多东西：玩具汽车、玩具手枪、巧克力、水果、钱、书、口红，还有很多别的东西。	3-2	
小家伙看看这个，摸摸那个，最后抓起来的竟然是口红。大家都笑了，说“一岁看到大，这孩子将来肯定是个‘花心萝卜’。”	3-2	
全国。全市。全校。全班。	3-2	
同学们全走了。	3-2	
谁也不知道他心里是怎么想的。	3-2	
你什么时候走都可以。	3-2	
星期天我哪儿也不去，就在家里看书。	3-2	
谁想去谁就去。	3-2	
谁给的钱多我就卖给谁。	3-2	
别客气，你爱吃什么就吃什么。	3-2	
你什么时候看见她就什么时候告诉她。	3-2	
我这儿有很多书，你爱看哪一本就看哪一本。	3-2	
高兴的样子。生气的样子。担心的样子。糊里糊涂的样子。	3-2	
跟你有关。跟这件事有关。跟汉语有关。跟学习有关。	3-2	
今天晚上有安排吗？我想请你去看京剧。| 真不巧，我已经有一个约会了。	3-2	
我喜欢热闹，哪儿人多我去哪儿。	3-2	
我喜欢玩，哪儿好玩我去哪儿。	3-2	
对了，我什么时候去你那儿把那本书还你。| 什么时候都可以，不还也没关系。| 那怎么行？	3-2	
这孩子，将来长大了肯定能当老板。	3-2	
二十年以后的事儿，谁也说不清楚。	3-2	
今天是星期天，我本来想去香山看红叶。可是早上8点钟，陈静打电话告诉我，她弄到了两张京剧票，想情我去看一场特别的京剧。演员都是孩子。	3-2	
这些孩子又聪明又活泼，学习很认真，今天是他们第一次表演。	3-2	
我听到很多人夸小演员们表演得好，说他们现在还小，将来一定会表演得更好。	3-2	
我已经学了半年汉语，可是竟然没听懂他们唱什么。	3-2	
收到请帖的人都要拿着红包去祝贺。	3-2	
至于红包里面装多少钱，要看两个人的关系怎么样。	3-2	
如果关系很好，红包里面的钱就比较多；如果只是普通的同事或朋友，红包里面的钱就不会太多，可是也不能太少。	3-2	
虽然中国有一句俗话，“千里送鹅毛，礼轻情义重”，但是如果太少的话，主人可能会觉得你个人太小气，或者是不够朋友。	3-2	
现在很多人怕收到请帖，因为收到请帖以后就得花钱。	3-2	
人可以不去，但是红包是一定要送去的。很多人想，那就去吧，去吃一顿高价饭。	3-2	
江山，帮个忙怎么样？	3-3	-
帮我读几篇课文。	3-3	
我想请你帮我把课文录下来，我一边听，一边学。	3-3	
是这样的，我在中国学的是英国英语，而且学得不好，特别是发音，差不多就是“中国英语”。	3-3	
你的英语很好听啊，我已经越来越习惯你的发音了。	3-3	
我的口音太重了。我要像你一样，说一口地道的美国英语。	3-3	
那你应该跟电视节目的主持人学。	3-3	
我的英语也有口音——既有法语口音，又有意大利语口音。	3-3	
我爷爷是意大利人，我妈妈是魁北克人，我刚到美国三年。	3-3	
有意思的事儿多着呢。听说你想移民？是啊，我已经提出了申请，可是不知道移民局什么时候能批准。	3-3	
所以我想早点儿学会标准的美国英语，越早越好。	3-3	
连我这个美国人说的郁不是标准的美国英语，你为什么一定要说标准的美国英语呢？我觉得你说的话别人能听懂就行了。	3-3	
你的英语有流利又好听，你别跟自己过不去了。	3-3	
白小红真奇怪，总是想着要学标准的美国英语。每天跟着CNN的主持人学还不够，还要跟我学。	3-3	
我生在加拿大，长在加拿大，中学毕业以后才到美国来。	3-3	
我说的英语既不是地道的美国英语，也不是标准的加拿大英语——说实话，我也不知道什么是标准的加拿大英语。	3-3	
很多人的情况跟我差不多。	3-3	
白小红是从中国来的。也许因为中国有普通话，所以她总是想学习“英语普通话”。	3-3	
其实，她说的英语挺好听的，我基本上都能听懂。	3-3	
她太忙了，既要学汉语，又要去打工。	3-3	
她又会说英语又会说法语。	3-3	
今年的苹果又大又便宜。	3-3	
马丁的汉语说得又标准又流利。	3-3	
他又喜欢打球，又喜欢旅游。	3-3	
她一边吃饭，一边看电视。	3-3	
上课的时候，你要一边听，一边记。	3-3	
来，咱们边吃边谈。	3-3	
这件事我越想越生气。	3-3	
这片红叶真漂亮，我越看越喜欢。	3-3	
你越不让他去，他越想去。	3-3	
现在从中国来的移民越来越多。	3-3	
冬天来了，天气越来越冷。	3-3	
这个问题连老师也不会。	3-3	
这个问题连三岁的孩子也知道怎么回答。	3-3	
他工作很努力，就连星期天也不休息。	3-3	
她连中国在哪儿都不知道。	3-3	
好习惯。坏习惯。养成习惯。	3-3	
明天我给你介绍一个老外，你可以跟他练习口语。| 我连一句外语都说不好，怎么跟他对话？	3-3	
要我帮你什么忙？这样的，我有一个亲戚，想找一个美国人当家庭教师。	3-3	
纽约有很多热闹的地方吧？那当然。纽约是有名的旅游城市，热闹的地方多着呢。	3-3	
一岁的孩子怎么可能明白抓周的意思呢？	3-3	
白小红打算移民，她已经提出了移民申请。	3-3	
从前，有一个人，总是觉得自己走路不好看，自己家乡的人，男的，女的，大人，小孩儿，走路的样子也都不好看。	3-3	
他听说在他家乡的北边，有个地方叫邯郸，那儿的人走路都非常好看。他就到邯郸学习走路	3-3	
到了邯郸以后，他发现邯郸人走路的样子真的很好看。	3-3	
他又高兴又担心，高兴的是他将来可以走得很好看，担心的是邯郸人会笑话他连走路都不会。	3-3	
他就在马路上看别人走路，一边看，一边学。	3-3	
你不是喜欢看球赛吗？快来，电视正在转播呢。	3-4	-
乒乓球比赛有什么好看的？	3-4	
我说的不是球队，是球星。你最喜欢哪个球星？	3-4	
看来你真是个篮球迷。	3-4	
那当然。我从小就迷上了篮球，只要有篮球比赛，我就看。	3-4	
难道普通的篮球比赛，比如说两个大学的球队比赛，你也看吗？看。不管什么水平的篮球比赛，只要看得到，我都看。	3-4	
篮球是美国人最喜欢的运动，又是在美国发明的，我能不喜欢吗？	3-4	
但是他发明篮球的时候，正在美国留学。他发明篮球是为了完成体育课的作业。	3-4	
原来是这样。难怪你这么喜欢篮球。	3-4	
好久没有和江山联系了，挺想他的。	3-4	
他是我的好朋友，以前他老是请我跟他一起去玩儿，我从来没有去过，所以他很生气。可我有什么办法？	3-4	
如果没有特别的原因，谁愿意拒绝朋友呢？	3-4	
但是，就像中国人经常说的那样，“萝卜青菜，各有所爱”。我们的爱好不一样，玩儿不到一起去。	3-4	
江山很喜欢打篮球，可是，我太矮，上了球场恐怕连球都摸不到；江山还很喜欢打冰球、滑雪，可我从小在中国南方长大，连雪的样子都没见过，怎么可能会滑雪、打冰球呢？	3-4	
当然，有时候我请他跟我一起去玩儿，他也不去，因为我喜欢的运动他不喜欢。	3-4	
比如说乒乓球，他就老是说没意思。我不明白，乒乓球不也是球吗，怎么没有意思？	3-4	
我们偶尔也会一起去玩儿：有时候去游泳，有时候去踢足球。不过，他的足球没有我踢得好。	3-4	
你每天都跟她在一起，怎么会不知道她的地址？	3-4	
难道你也不知道这件事吗？	3-4	
为什么要我给你拿？难道你自己不能拿吗？	3-4	
难道你也喜欢喝白酒？	3-4	
你看，那不是小王吗？	3-4	
你不是已经回家了吗？怎么还在这儿？	3-4	
这个词老师不是已经讲过了吗？你怎么还不明白？	3-4	
乒乓球，足球，不都是球吗？	3-4	
这有什么好笑的？	3-4	
这有什么不明白的？	3-4	
这有什么不好意思的？	3-4	
你这么做，她能不生气吗？	3-4	
这是她男朋友送给她的礼物，她能不爱惜吗？	3-4	
这么重要的约会，她能不去吗？	3-4	
像你这样不好好学习，能学得好吗？	3-4	
球迷。(电)影迷。歌迷。电脑迷。	3-4	
不管什么人。不管什么时候。不管什么地方。不管什么原因。	3-4	
为了学汉语。为了看比赛。为了孩子。为了女朋友。	3-4	
有很多爱好。没有什么爱好。爱好上网。爱好旅行。	3-4	
和朋友联系。电话联系。怎么联系。有没有联系。	3-4	
你怎么能这么做呢？这么做太不像话了。	3-4	
昨天的比赛真好看。| 什么比赛？| 中国队和德国队的乒乓球比赛啊，难道你没看？ | 我从来不看乒乓球比赛。	3-4	
你不是不喜欢看棒球比赛吗？| 以前不喜欢，现在喜欢了。| 为什么？| 棒球是日本的“国球”，我想知道日本人为什么那么喜欢棒球。| 原来是这样。	3-4	
难怪这个房间这么脏，原来很长时间没有人住了。	3-4	
白小红的英语(原来/本来)就说得很好，可她还要我帮她学习地道的美国英语。	3-4	
本来么，一岁的孩子，懂什么呀？	3-4	
原来你是中国人，我把你当成日本人了。	3-4	
难道你不知道喝酒对身体不好吗？	3-4	
我们偶尔也去中国城吃中国菜。	3-4	
以前陈静经常一个人去旅行，现在总是和男朋友一起去。	3-4	
我喜欢乒乓球，不管什么水平的乒乓球比赛我都看。	3-4	
为了完成作业，我昨天晚上差不多没睡觉。	3-4	
只要有时间我就去上网。	3-4	
不管什么时候你都可以给我打电话。	3-4	
我原来经常打乒乓球。	3-4	
难道你不明白我的意思吗？	3-4	
这件事我不是已经告诉过你了吗？	3-4	
这么多作业，一个小时怎么可能做完呢？	3-4	
不管是篮球，橄榄球，还是足球比赛，他都看。	3-4	
我觉得看乒乓球比赛最带劲。	3-4	
江山喜欢看篮球比赛的一个原因是美国的篮球水平是世界第一，还有一个原因是篮球是在美国发明的。	3-4	
这种电影有什么好看的？	3-4	
萝卜青菜，各有所爱。这话一点也不假。	3-4	
老王喜欢看体育节目，特别是足球比赛，只要有转播，老王就一定要看。	3-4	
老王的太太喜欢看电视连续剧，每天都看，有时候一边看，一边还流眼泪。	3-4	
他们的女儿呢，喜欢看娱乐节目，年轻人嘛。	3-4	
到了周末，老王一家人就抢起了电视遥控器。	3-4	
这个地方原来没有湖。 (现在有了)	3-4	
他原来是一家公司的老板。(现在不是)	3-4	
我原来不喜欢看京剧。(现在喜欢了)	3-4	
不知道从什么时候开始，他迷上了足球。	3-4	
我们都被精彩的表演迷住了。	3-4	
只要好好学，就一定能学会。	3-4	
难道看看也不行吗？	3-4	
我这样做难道错了吗？	3-4	
不管是谁，上课的时候都不能抽烟。	3-4	
不管在哪儿，都可以上网。	3-4	
为了来美国留学，她天天学英语。	3-4	
陈静这样做都是为了男朋友。	3-4	
大学毕业以后，我们从来没有联系过。	3-4	
你跟他们联系一下，看他们什么时候有空儿。	3-4	
咱们怎么联系呢？	3-4	
他有钱，但是不愿意借给别人。	3-4	
总统拒绝回答这个问题。	3-4	
他提出的要求拒绝了。	3-4	
那儿的中国人比较少，不过偶尔也能看见一些。	3-4	
我只要这个，不要别的。	3-4	
不管你说得多么好听，我都不相信。	3-4	
为了能得到好的成绩，他每天都努力地学习。	3-4	
我收拾行李。明天我要去中国。你看，毛巾、牙膏、卫生纸。……东西太多了，两个包都装不了。	3-5	-
如果这些东西你都要带，四个包也装不了。	3-5	
有的东西你带了也用不着，有的你根本就不用帯。	3-5	
这要看你准备去哪儿了。	3-5	
你就什么也不要带，那儿什么都有。	3-5	
毛巾之类的日用品也不用带吗？	3-5	
不用。在中国一些大城市的宾馆、饭店里，牙刷、牙膏这些东西都有，而且有的还是名牌。	3-5	
如果你要去经济还不发达的地方，那你最好什么都带上。	3-5	
连卫生纸也要带吗？| 什么都要带，当然包括卫生纸。除非你不想用。	3-5	
在中国买东西方便吗？| 很方便。特别是在北京、上海这样一些大城市，大商场、大超市有的是，什么东西都买得到。不过，药你最好自己带上。	3-5	
你不说我差点儿忘了。	3-5	
我的药呢？刚才还在桌子上，怎么找不着了？	3-5	
林娜总是说北京多么多么漂亮。	3-5	
也许是她离开家乡的时间太长，很想念自己的父母和朋友，所以一定要回去看一看。	3-5	
没办法，我只好陪她走一趟。	3-5	
自从我学了汉语，认识了林娜以后，也真的想去看看那个神奇的国家。于是，我们买了机票，登上了飞往北京的飞机。	3-5	
北京的确很不错。	3-5	
故宫、天坛都非常漂亮，当然还有长城。	3-5	
那种感觉，恐怕我一辈子都忘不了。	3-5	
不过，说实话，我更喜欢西安，因为我觉得那儿是真正的中国。	3-5	
如果你想了解中国的历史，那么你一定要去西安。	3-5	
那儿的气候我有点受不了。	3-5	
上海是个很特妹的城市，我实在不知道它像纽约还是像多伦多。	3-5	
也许它更像欧洲的一个什么城市，也许，它哪个城市也不像，它就是它自己。	3-5	
不过，上海的马路没有北京和西安那么直，我经常找不着北。	3-5	
东西这么多，你一个人拿得了吗？	3-5	
你放心吧，这事我忘不了。	3-5	
你点了这么多菜，我们只有两个人，肯定吃不了。	3-5	
没买到飞机票，走不了了。	3-5	
听说你想买一本汉英词典，买着了吗？	3-5	
我去的时候，车已经开了，我没见着他们。	3-5	
这是十年前流行的衣服，现在已经买不着了。	3-5	
收拾行李。收拾房间。收拾东西。收拾好了。	3-5	
准备上课。准备回家。准备做饭。准备好了。	3-5	
根本不行。根本不会。根本没有。根本没见过。	3-5	
找不着。买不着。用不着。管不着。	3-5	
吃不了。用不了。拿不了。走不了。	3-5	
来一趟。去一趟。走一趟。跑一趟。	3-5	
你的菜还没吃完呢。| 对不起，我实在吃不了了。	3-5	
明天9点在北京饭店门口见面，别忘了带照相机。| 放心吧，忘不了。	3-5	
对不起，今天我(实在/的确)太累了，不能陪你去看电影了。	3-5	
她做的菜实在太难吃了。	3-5	
我看清楚了，的确是小张和他女朋友。	3-5	
你说得对，我中午的确喝酒了。	3-5	
过生日那天，陈静受到了一个(特殊/特别)的礼物。	3-5	
你穿这种颜色的衣服特别漂亮。	3-5	
我对长城有一种(特殊/特别)的感觉。	3-5	
那个人看上去很特别。	3-5	
他肯定回来的，除非发生了特殊的事情。	3-5	
我实在不明白江山为什么那么喜欢看篮球比赛。	3-5	
你肯定看错了，我昨天根本就没有出门。	3-5	
这件衣服才80块人民币，的确很便宜。	3-5	
我们班有的同学已经去过那个地方了。	3-5	
这种词典现在买不着了。	3-5	
你吃得了这么多吗？	3-5	
在西安买东西没有在北京方便。	3-5	
不下雨我就去。	3-5	
你不打算用就别带。	3-5	
我有的是时间。时间我有的是。	3-5	
我在北京有的是朋友。	3-5	
要真正了解一个人是很难得。	3-5	
自从中国毕业以后，我们就没有再见过面。	3-5	
很多人，包括我自己，都不太了解中国。	3-5	
除非有特殊的原因，他才会拒绝帮助你。	3-5	
吃不了兜着走。那意思是说，你吃不了的话就带回去，这叫“打包”。	3-5	
我的房间太乱了，需要收拾一下。	3-5	
把你的书包收拾一下。	3-5	
我根本(就)没见过这个人。	3-5	
她根本就不想帮我们。	3-5	
这事儿我根本(就)不知道。	3-5	
我根本没想到事情会变成这样。	3-5	
准备好了吗？	3-5	
我们班一共16位同学，包括10位女同学，6位男同学。	3-5	
“西方七国”包括日本。	3-5	
你肯定可以去，除非你自己不想去。	3-5	
自从来美国以后，我就没喝过酒。	3-5	
她听朋友说加拿大很好，移民很方便，于是就来了。	3-5	
这只是我的感觉。你感觉怎么样？	3-5	
我的确不想去(事实)。我实在不想去(语气)。	3-5	
实在对不起。	3-5	
我不太了解那儿的情况。	3-5	
雨太大，他们来不了了。	3-5	
护照丢了可能还找得着，钱包丢了就找不着了。	3-5	
我去的时候他已经走了，没见着他。	3-5	
老板是不会同意你的计划的，除非太阳从西边出来。	3-5	
我今天实在太累了，咱们改天再去吧。	3-5	
到处都是警察，小偷肯定跑不了。	3-5	
你觉得中国队赢得了赢不了？肯定赢不了。	3-5	
最近几天一直下雨，你洗的衣服一天肯定干不了。	3-5	
我感觉她的病好不了了。	3-5	
现在是冬天，食物不放在冰箱里也坏不了。	3-5	
从北京到上海比到西安远不了多少。	3-5	
这个包这么大，肯定轻不了。	3-5	
我有的是钱。	3-5	
我来加拿大已经四五月了。去了几个城市，感觉有很多方面和咱们中国不一样，很想和你聊聊。	3-6	-
电话费太贵了，又不能发电子邮件，因为我这儿的电脑还没装中文软件。只好给你写信——你知道，我很久没写信了。	3-6	
最明显的感觉是加拿大的环境特别好，空气十分新鲜。	3-6	
这里的大树非常多，如果在咱们那儿，很多都会被当做宝贝。	3-6	
加拿大的树虽然比中国多，但是人比中国少多了。	3-6	
你可能不相信，加拿大的面积比中国还大一点儿，可是全加拿大总共只有三千多万人，大概是中国的四十分之一，其中还有百分之三左右是华裔。	3-6	
温哥华是加拿大第三大城市，人口只有二百多万，其中大约百分之二十是华裔。	3-6	
刚来的时候，我去一些大超市、大商店看了看，没有咱们中国那种人山人海的景象。	3-6	
有时候只有十来个人。我真为那些老板们担心，顾客那么少，他们能赚钱吗？	3-6	
这儿的人虽然很少，但是都很热情。我早上散步的时候，会碰见一些跑步的人，他们几乎都会跟我说“嗨”，有的看我是中国人，还用中文说“你好”呢。	3-6	
让我吃惊的还有这儿的公共汽车司机。他们很有耐心，几乎对每一个乘客都要说“早上好”，我不知道这是不是他们的职业习惯。	3-6	
我在这儿的学习和生活都非常轻松。早上起来散散步，晚饭以后翻翻报纸，看看电视；有时候来几个朋友，还能一起打打牌，下下棋。	3-6	
你的签证办得怎么样了？等你来温哥华的时候，我就可以给你当导游了，到时候陪你好好儿走一走，看一看。	3-6	
祝你身体健康，万事如意！	3-6	
吃完饭最好出去散散步。	3-6	
平时我哪儿也不去，就在家看看书，听听音乐。	3-6	
他只去了十几天就回来了。	3-6	
他看上去只有十八九岁。	3-6	
我等了十分钟左右，她还没来，我就走了。	3-6	
百分之二十五就是四分之一。	3-6	
百分之八十的人都不同意这么做。	3-6	
踢踢球。游游泳。睡睡觉。看看电影。逛逛商店。	3-6	
这方面。哪方面。学校方面。公司方面。	3-6	
水费。电费。学费。路费。	3-6	
你每天晚上吃完饭以后干什么？打电话和朋友聊聊，然后练习练习听力。	3-6	
我几乎不相信我的眼睛，难道这是真的？	3-6	
他说得太快了，我几乎一句也没听懂。	3-6	
我们班的同学几乎都回来了。	3-6	
刚下过雨，路不好走，我刚才(几乎/差点儿)摔倒了。	3-6	
那个地方太难找了，我几乎没找到。	3-6	
今天的篮球比赛肯定很好看，因为两个球队的水平差不多。	3-6	
我几乎把这事给忘了。	3-6	
他们两个人个子(几乎/差不多)一样高。	3-6	
我的电话卡里大约还有十块钱。	3-6	
我们班同学几乎人人都看过那部电影。	3-6	
美国和加拿大的交通十分发达，特别是城市交通。	3-6	
那天晚上我们个人总共喝了20瓶啤酒。	3-6	
如果老板知道顾客肯定不买他的东西，还会那么热情吗？	3-6	
你知道全中国有多少人口吗？	3-6	
你不用为他担心。	3-6	
我每天要看两个小时左右电视。	3-6	
那个孩子只有十来岁。	3-6	
中国和加拿大在很多方面都不一样，感觉最明显的是加拿大人比中国少得多。	3-6	
中国是世界上人口最多的国家。	3-6	
因为人多，所以在中国开饭店不用担心没有顾客，而且肯定能赚钱。	3-6	
把下面的句子翻译成中文。	3-6	
你需要运动。有时间的话，一起去打打球，游游泳吧。	3-6	
我正想和你聊聊这方面的问题呢。	3-6	
上海市区有1300多万人，期中大约十分之一的人不会说上海话。	3-6	
在中国，百分之九十左右的中学生都把英语当做自己必学的外语。	3-6	
我给你简单介绍一下吧，空气比咱新鲜得多，马路比咱干净得多，树多，鸟多，车多，就是人比咱少得多。	3-6	
我们的老师很有耐心。	3-6	
我学什么都没有耐心，所以什么也学不会。	3-6	
老师总是耐心地回答我们的问题。	3-6	
在学习方面有什么问题，你可以问老师。	3-6	
陈静觉得她男朋友各方面都不错。	3-6	
虽然他有点不愿意，你可以问老师。	3-6	
虽然我没去过中国，但是我在中国有好几个朋友。	3-6	
请相信我，我一定想办法帮助你。	3-6	
我不相信陈静的男朋友真的会把红叶当生日礼物。	3-6	
我这个月赚了500块钱，不过期中400块已经花了。	3-6	
我们班一共有5个日本同学，期中3个是女孩子。	3-6	
我昨天在街上碰见了小张。	3-6	
倒霉的事儿全让我碰上了。	3-6	
商店里几乎全是人。(人很多)	3-6	
商店里几乎没有人。(人很少)	3-6	
我现在的工作很轻松。	3-6	
考完试了，我觉得很轻松。	3-6	
今天的工作不多，轻轻松松就完成了。	3-6	
下班了，咱们也该轻松轻松了，走，喝酒去。	3-6	
吃了一惊。大吃一惊。	3-6	
太阳从西边出来了！平时都是我麻烦你，今天你怎么麻烦起我来了？	3-7	-
我真的有事儿要请你帮忙。| 什么事儿？说来听听。	3-7	
我打算九月份到中国学习汉语。	3-7	
还没有决定。我觉得这两个地方都挺好，所以打算先到北京学上半年，然后再到上海学上半年。	3-7	
真是一个好主意，我怎么就想不出来呢。	3-7	
从今天开始，我一天教你一句，这样坚持下去，到九月份你就能説不少了。	3-7	
我听说中国人的名字很有讲究。	3-7	
有的有讲究，有的没有。	3-7	
毛泽东的“泽东”很有讲究，意思是“给东方人带来幸福”	3-7	
跟你开玩笑呢。	3-7	
提起他来，中国人几乎没有不知道的。	3-7	
就是Karl Marx，他已经去世一百多年了。	3-7	
“去见马克思”和“去见上帝”的意思差不多。	3-7	
看我能不能想出来。……有了，你就叫马克伟吧，伟大的伟！	3-7	
中国人取名字很有讲究。	3-7	
因为名字一般都是父母给孩子取的，哪家的父母不希望自己的孩子将来有出息呢？	3-7	
首先得叫起来顺口，听起来顺耳。	3-7	
男孩子的名字得响亮些，比如“刚”啊、“强”啊什么的	3-7	
女孩子的名字得好听些，比如“美”呀、“丽”呀什么的。	3-7	
中国同姓的人太多。根据统计，光姓张的就有一亿多人。	3-7	
有些名字你觉得好，别人也觉得好，这样问题就来了：同名同姓的人太多。	3-7	
我有个朋友，他儿子叫王刚，班里有个同学也叫王刚。老师叫一个名字，站起来两个学生。没办法，老师只好把一个叫大王刚，一个叫小王刚。	3-7	
现在，年轻的父母总是想和别人不一样，所以就给孩子取一个稀奇古怪的名字。	3-7	
我朋友的孩子跟我说，他们学校有不少学生认为老师没水平，因为老师上课的时候连学生的名字都叫不出来，得让学生自己告诉老师。你说这能怪老师吗？	3-7	
现在有很多中国人买上了自己的汽车。	3-7	
从第一次见面开始，我就爱上她了。	3-7	
怎么，你们不等我来一起吃，都已经吃上了。	3-7	
每天学10个生词，这样学下去，一年能学3600多个生词。	3-7	
你说得很好，我们都在听着，请你说下去。	3-7	
她最近又瘦了一公斤，再瘦下去就不好看了。	3-7	
外面下起雨来了。	3-7	
她怎么突然哭起来了？	3-7	
什么事情都是说起来容易做起来难。	3-7	
那非把她家里人吓出病来不可。	3-7	
他做的作业里有两个错字，我没看出来。	3-7	
别问了，再问他问不出来什么，他不会告诉我们的。	3-7	
他的普通话不太标准，我听出来了，他是广东人。	3-7	
一月份。十一月份。七八月份。几月份。	3-7	
有什么讲究。不讲究。讲究吃。在穿衣服方面很讲究。	3-7	
根据她的介绍。根据这些情况。有没有根据。	3-7	
有些人。有些事情。有些贵。有些担心。	3-7	
几个房间都找过了吗？除了卫生间，都找过了。	3-7	
没想到你还会做中国菜。| 怎么样，没看出来吧.	3-7	
没想到是你在唱歌。| 怎么样，没听出来吧。	3-7	
我星期天一般都不在家。	3-7	
这是高级饭店，普通人不会到这里吃饭。	3-7	
我的英语水平还很一般。	3-7	
我爸爸是一个普通工人。	3-7	
我只有十分钟时间，你快点说。	3-7	
你别(光/只)喝酒，也吃点菜啊。	3-7	
光我们学校就去了200多人。	3-7	
这次旅游花了很多钱，光机票就是1万多。	3-7	
有些事情我现在不能跟你说。	3-7	
他好像(有点儿/有些)不高兴。	3-7	
我找你有点儿事。	3-7	
有些东西你不用的时候就在你前面，可是要用的时候就找不着了。	3-7	
你记住，去中国旅行的时候一定要带上护照。	3-7	
我认为要是像这样学下去，半年以后就差不多能说得很好了。	3-7	
我怎么就想不出来这么好的主意呢。	3-7	
你得先弄清楚事情的原因，然后再想办法。	3-7	
考试的时候不能急，越急越想不出来。	3-7	
你听出来我是哪里人了吗？	3-7	
他的名字我现在想不起来了。	3-7	
我实在学不下去了。	3-7	
睡觉以前不要忘记关上空调。	3-7	
这件事不能怪陈静。	3-7	
睡觉以前，我非把今天的作业做完不可。	3-7	
他非要这么做不可，我们也没有办法。	3-7	
你如果把我当朋友，这杯酒你非喝不可。	3-7	
我把妈妈的衣服弄脏了，妈妈回来非骂我不可。	3-7	
林娜要是知道了这件事，非气死不可。	3-7	
马克决定去中国学习汉语。	3-7	
他的普通话只有一点儿口音，不注意的话根本听不出来。	3-7	
我一定要坚持下去。	3-7	
除了雅克，我们都没去过中国。	3-7	
根据张老师的介绍，中国有很多同名同姓的人。	3-7	
这件事不能怪别人，只能怪你自己不小心。	3-7	
多吃点吧。| 不行。我在减肥呢。| 你还减肥啊，再减下去，一阵风就能把你刮走了。	3-7	
咱们女儿叫什么名字，你想出来了没有？| 我这不是再査词典吗？	3-7	
人不可貌相。意思是只看一个人长得怎么样，或者只从他穿什么衣服，是看不出来这个人的水平和能力的。	3-7	
穿得不怎么样的人可能很有钱，还可能是大公司的老板呢。	3-7	
特殊情况。	3-7	
很多中国人都特别讲究穿。	3-7	
很多中国人有两个名字：小名儿和大名儿。	3-7	
富贵有余，将来有的是钱。	3-7	
现在一般的家庭只有一个孩子。	3-7	
如果你看到一个名字叫“张杨”，那么这个人的父母很可能一个姓张，一个姓杨。	3-7	
他已经决定了。	3-7	
这是总统的决定，谁也不能改变。	3-7	
她坚持每天学一个小时汉语，已经坚持两年了。	3-7	
对不起，我实在坚持不下去了。	3-7	
他吃的，穿的都很讲究。	3-7	
我对吃没有什么特别的讲究。	3-7	
这只是一个玩笑。	3-7	
她不喜欢别人跟她开玩笑。	3-7	
你可别吓我。	3-7	
看你，把孩子吓哭了。	3-7	
你看，孩子被你吓哭了。	3-7	
在中国，坐公共汽车一般不排队。	3-7	
只要还有希望，我就会坚持下去。	3-7	
除了星期天(以外)，我每天都有课。	3-7	
除了篮球以外，他什么球都不喜欢。	3-7	
除了乒乓球以外，他还喜欢棒球。	3-7	
他认为爱情可以用钱来表达。	3-7	
我认为你这样做是不对的。	3-7	
他怪我没早点儿把这事儿告诉他。	3-7	
要是能在这儿住上半年，多好。	3-7	
在这儿生活时间长了，你就会喜欢上这儿的。	3-7	
你真打算在这儿住下去啊？	3-7	
比赛的最后几分钟，我实在有点坚持不下去了。	3-7	
听了他的话，大家都笑了起来。	3-7	
你快点儿把这些东西都收拾起来。	3-7	
我想起来了，我是4月8号回来的。	3-7	
说起来这事儿也有点怪我。	3-7	
你能听出来这是谁的声音吗？	3-7	
你今天非去不可。	3-7	
你觉得小王的英语怎么样？ | 一般(吧)。	3-7	
除了喝酒，他什么爱好都没有。	3-7	
你带了两个包啊，我帮你提一个吧。	3-7	
你不要跟她提移民的事儿。	3-7	
提起这事儿我就生气。	3-7	
“死”的说法还有：逝世 = 见马克思了 = 见上帝了 = 上八宝山了 = 走了 = 断气了 = 见阎王了 = 上西天了	3-7	
根据最新消息，一共有25人在这次事故中死亡。	3-7	
你这样说的根据是什么？	3-7	
别相信他，他光会吹牛。	3-7	
你别光说不干。	3-7	
你们怎么说起这件事儿来了？	3-7	
他这个人，平时不生气，但发起火来能把你吓死。	3-7	
想了半天，也没想出一个好主意来。	3-7	
笑了起来。笑起来了。	3-7	
我非要去(不可)。	3-7	
你怎么搞的，不是说好今天八点半见面吗？	3-8	-
对不起，让你久等了。	3-8	
要是你再不来，我就回去了。	3-8	
这样吧，今天我带你去看大海，还会看到划船比赛呢。	3-8	
这儿的人很喜欢水上运动，特别是划船。	3-8	
我听说中国有一种特别的划船比赛？| 你说的是中国的龙舟比赛吧？	3-8	
中国的龙舟比赛一年只有一次。	3-8	
比赛在每年的端午节前后。	3-8	
是为了纪念很久以前的一位很有名的诗人，他的名字叫屈原。	3-8	
屈原很爱自己的国家，关心普通人的生活，但是国王不喜欢他。他很伤心，就跳到江河里自杀了。当时有很多人划船去救他。	3-8	
救上来了吗？| 没有	3-8	
因为大家担心屈原的身体会被河里的鱼吃掉，就一起向河里扔米饭。	3-8	
他们希望鱼吃了米饭，就不要去吃屈原的身体了。这种特殊的米饭后来就变成了人们喜欢吃的粽子。	3-8	
我想这儿的中国城里肯定有粽子。等到了端午节，我请你去吃粽子。	3-8	
很久以前，杭州有一个叫许仙的小伙子。	3-8	
有一天，许仙路过西湖，突然下起了大雨，许仙看见两位姑娘没带雨伞，就把自己的雨伞给了她们。	3-8	
两位姑娘被许仙的行为感动了，其中穿白衣服的那位姑娘爱上了许仙。	3-8	
后来两个人结了婚，生活很幸福。	3-8	
有一天，许仙家来了一个老和尚，名字叫法海。	3-8	
法海偷偷地告诉许仙，他的妻子是一条白蛇变的。	3-8	
许仙不相信，法海就让他在端午节那天劝妻子喝酒，看看会发生什么事儿。	3-8	
端午节中午，许仙按照法海的话劝妻子喝酒。	3-8	
他妻子本来不肯喝，但是许仙一定要她喝。妻子没办法，只喝了一杯就说不舒服，回房间睡了。	3-8	
过了一会儿，许仙走进房间一看，发现床上躺着一条白蛇。	3-8	
许仙吓坏了，躲进了法海的金山寺。白蛇去金山寺要丈夫，和法海打了起来，她不是法海的对手，最后让法海压在西湖旁边的雷峰塔下面。这个故事后来被改编成了京剧《白蛇传》。	3-8	
教室里坐着很多学生。	3-8	
桌子上放着一本书。	3-8	
墙上挂了一张世界地图。	3-8	
院子里停了三辆车。	3-8	
我家昨天来了几位客人。	3-8	
门开了，屋里走出一个漂亮姑娘。	3-8	
前面开来了一辆出租汽车。	3-8	
春节前后。“五一”前后。吃饭前后。放假前后。	3-8	
路过那个商店。路过这里。路过他们家。从那儿路过。	3-8	
结婚了。结过两次婚。跟谁结婚。结婚几年了。	3-8	
救人。救命。救火。救出来了。	3-8	
偷偷地进去。轻轻地说。慢慢地走。高高兴兴地去旅行。	3-8	
劝她别生气。别劝她了。劝她一起去。不听我的劝。	3-8	
下雨了，你把衣服收进来吧。	3-8	
刮风了，你把窗户关上吧。	3-8	
出太阳了，你把窗户打开吧。	3-8	
我想九月份以后再去中国。	3-8	
我们一起去看了一场电影，后来我就回家了。	3-8	
这次就算了，以后一定要注意，不能再这样了。	3-8	
自从那件事发生以后，我就没有再见过他。	3-8	
林娜和江山说好八点半在学校门口见面。	3-8	
我的雨伞让一个朋友给拿走了。	3-8	
开始不习惯，后来慢慢就习惯了。	3-8	
我忽然想起来一个问题：她是怎么知道我的电话号码的？	3-8	
看见你不在，他们就走了。	3-8	
你应该按照老师告诉你的办法去做。	3-8	
林娜被男朋友给气哭了。	3-8	
酒让他们给喝完了。	3-8	
她只吃了一口就说不好吃。	3-8	
当时有很多人在看热闹。	3-8	
前面走过来了一个小伙子。有个小伙子从前面走过来了。	3-8	
树上掉下来一片树叶。有片树叶从树上掉下来了。	3-8	
沙发上坐着一个姑娘。有个姑娘在沙发上坐着。	3-8	
两位姑娘被许仙的行为感动了。许仙的行为把两位姑娘感动了。	3-8	
他昨天晚上被汽车给撞伤了。昨天晚上汽车把他给撞上了。	3-8	
白小红昨天晚上喝醉了。	3-8	
她去世了，很多人都很伤心。	3-8	
今天我们家来了一个特殊的客人。	3-8	
我进去一看，沙发上坐着一个挺漂亮的姑娘。	3-8	
前面开过来一辆汽车。	3-8	
桌子上放着一台电脑。	3-8	
许仙被躺在床上的白蛇吓坏了。	3-8	
中国古代还有一个著名的爱情故事也发生在杭州。这个故事叫梁山伯和祝英台。	3-8	
古代的女人是不能去学校读书的。于是她就打扮成男人。	3-8	
他们同学三年，吃和住都在一起。	3-8	
其实祝英台是一个姑娘。梁山伯这时才明白，他马上就赶到祝英台家。	3-8	
祝英台伤心地告诉他，父亲不同意他们结婚，非要她和一个贵族青年结婚不可。	3-8	
去世以前，他让爸爸妈妈把他埋在祝英台结婚时路过的地方。	3-8	
祝英台结婚那天，坚持要到梁山伯的坟墓前看看。	3-8	
突然，梁山伯的坟墓打开了，祝英台跳了进去。	3-8	
风停了，雨也停了，梁山伯的坟墓又合上了，从坟墓里飞出了两只彩色的蝴蝶。	3-8	
春节前后，中国的交通非常紧张。	3-8	
开学前后是我们最忙的时候。	3-8	
他一点也不关心孩子。	3-8	
总统根本不关心普通人的生活。	3-8	
我当时没想到这个问题。	3-8	
当时我就跟她说，不能这么做，可他不听我的话。	3-8	
那件事后来怎么样了？	3-8	
后来我喝醉了，江山把我送回了家。	3-8	
突然，一条狗从树林里跑了出来。	3-8	
事故发生得很突然。	3-8	
他和妻子是十年前结婚的。	3-8	
你别劝他，劝也没有用。	3-8	
朋友们都劝我不要一个人去那里旅行。	3-8	
按照学校的规定，谁也不能在教室吸烟。	3-8	
没想到两个好朋友后来成了对手。	3-8	
喝酒你不是他的对手。	3-8	
听人劝，吃饱饭。	3-8	
中国队根本不是巴西队的对手。	3-8	
从前有座山，山上有座庙。开始的时候庙里只有一个和尚。	3-8	
咱们四个人比赛吧，我和雅克搭档，张老师和丁汉生搭档。	3-9	-
我们两个跟你们两个比赛打篮球，绝对是孔夫子搬家——	3-9	
就是孔子。他是中国古代最有学问的人。	3-9	
我想起来了，他是一个有名的教授，他对学生说过一句话，意思好像是“学而时习之”。	3-9	
古代的句子很难，我总是记不住。| 别说你了，就是中国人也很难记住。	3-9	
真看不出来，关于孔子的事儿，你知道得还挺多。| 您过奖了。	3-9	
根据历史记载，他很喜欢旅行，去过很多国家。	3-9	
他搬家不搬家跟我们比赛有什么关系？	3-9	
那时候的书和现在的书不一样，都是用竹子做的，很重很重。	3-9	
孔夫子的书是“shu”，比赛输赢的“输” 也是“shu”。	3-9	
肯定是“孔夫子搬家——尽是输”啦。	3-9	
到上海一个月了，王英带我去逛了很多地方：商店、公园、博物馆。	3-9	
我印象最深的是上海书城。我第一次见到那么大的书店，那么多人在买书。我也忍不住买了几本，还替我女朋友买了一本。	3-9	
现在的书贵是贵，可印刷，包装得越来越漂亮，一分钱一分货嘛。	3-9	
很多中国人喜欢买书。有的是给自己买，也有的是为孩子买，还有的是替朋友买。	3-9	
有些人书买回家以后并不看，就放在书房，摆在那儿给客人看。家里的书越多，就越显得主人有知识，有学问。	3-9	
但有些人，尤其是大学教授，喜欢在家里看书，不愿意去图书馆。	3-9	
我去过一位姓郑的教授家。除了厨房和卫生间以外，郑教授家几乎每个房间都是书——包括卧室和客厅。	3-9	
书太多了，床就没地方放了，他和妻子就在书上睡觉。要不是亲眼看见，我绝对不相信居然有这样的事儿。	3-9	
“有朋自远放来，不亦乐乎”	3-9	
中国菜好吃是好吃，不过油多了点。	3-9	
这事和你没关系。	3-9	
你也应该替别人想想，大家都不容易。	3-9	
我的工作就是为客人服务。	3-9	
我给你介绍一个男朋友吧。	3-9	
大家都为这件事高兴呢。	3-9	
他正在为参加考试做准备。	3-9	
要是有什么事情，你就给我打电话。	3-9	
小心！别向下看。	3-9	
关于这件事，我知道的就是这些。	3-9	
关于时间问题，我们还没有最后决定。	3-9	
关于这个问题，等我们老板回来以后再说吧。	3-9	
老师会根据你的水平决定你在哪个班学习。	3-9	
根据我对他的了解，他绝对不会干这种事儿。	3-9	
按照中国人的习惯，结婚要请人吃糖。	3-9	
我已经(按/照)你说的做了。	3-9	
绝对没问题。绝对不知道。绝对不行。绝对不可以。	3-9	
关于环境的书。	3-9	
忍不住笑了。忍不住哭了。忍不住想抽烟。实在忍不住。	3-9	
显得很认真。显得很着急。显得我很小气。	3-9	
亲眼看见。亲耳听见。亲口告诉我。亲手交给他。	3-9	
唉，有写错了，汉字可真难写啊。| 是啊，别说外国人了，就是中国人也经常写错字。	3-9	
我看这件好，你穿这件显得特别活泼。| 活泼是活泼，可是我不希望显得太活泼。	3-9	
这件事绝对不能告诉他。	3-9	
明天我不一定有时间。	3-9	
你说的话我绝对相信。	3-9	
这事儿绝对不可能。	3-9	
我见到王经理，替我问个好。	3-9	
你给我们唱个歌吧。	3-9	
我是医生，(给/替)病人看病是我的工作。	3-9	
我看6号不行了，快让8号把他替下来。	3-9	
关于机票的事儿，等我联系好了再告诉你。	3-9	
世界上没有绝对不可能发生的事情。	3-9	
已经10点了，你居然还在睡觉。	3-9	
你们大家，尤其是小王，以后要注意这方面的问题。	3-9	
听了我的话，他忍不住笑了起来。	3-9	
林娜让我替她买点儿苹果。	3-9	
我绝对不相信他居然会这么做。	3-9	
关于这件事，你还知道什么？	3-9	
我一个星期至少要路过那个地方两次。	3-9	
他好像并没有生气。	3-9	
这件衣服贵是贵，但是的确很漂亮。	3-9	
那个地方的东西便宜是便宜，可是“便宜没好货”。	3-9	
张老师的普通话地道是地道，但是有时候说得太快了。	3-9	
马力绝对没有想到，他和高一飞的篮球比赛居然会跟孔夫子有关。	3-9	
其实“孔夫子搬家——尽是书”是一句玩笑话，谁也没有亲眼见过孔夫子搬家。	3-9	
要是有好书，你替我买一本。	3-9	
关于移民的事儿，你最好自己去移民局问。	3-9	
在很多方面，东方人都应该向西方人学习。	3-9	
根据我们了解的情况，这件事跟他没有一点关系。	3-9	
中国最早的书是刻在竹简上的。	3-9	
竹简很重， 搬起来很不方便，有人就用丝帛代替竹简。	3-9	
于是中国古代的科学家就发明了纸，此后，书就变得普通了。	3-9	
书是知识和文化的象征。没有书就没有知识，没有文化。	3-9	
很多人家里还有专门的书房。	3-9	
我绝对没说过这样的话。	3-9	
这事儿绝对是他干的。	3-9	
今天张老师不舒服，王老师替他给我们上课。	3-9	
我的朋友已经在上海替我订了一个房间。	3-9	
麻烦你替我请个假。	3-9	
要是看到好书，替我买一本回来。	3-9	
别说中国了，就连亚洲我都没去过。	3-9	
这个问题大人也不会回答，别说孩子了。	3-9	
关于西湖，我听说过一个美丽的情故事。	3-9	
我十年前去过那儿，现在已经没有印象了。	3-9	
第一印象很重要。	3-9	
我实在忍不住了，给我一支烟吧。	3-9	
他听了这个故事忍不住哈哈大笑。	3-9	
参加她的生日晚会的至少有100人。	3-9	
你至少应该给父母打个电话，告诉他们你在哪儿。	3-9	
看到我们，他显得很高兴。	3-9	
他们第一次参加比赛，所以显得有些紧张。	3-9	
你穿这身衣服尤其漂亮。	3-9	
汉语很难学，尤其是汉字。	3-9	
你居然不听老板的话，等着瞧吧。	3-9	
我已经跟你说过三次了，你居然还没记住。	3-9	
我这样做是为你好。	3-9	
他在那儿挺好的，你不用(为/替)他担心。	3-9	
你别去了，我替你买点儿就行了。	3-9	
你不能光想着你自己，也应该(替/为)别人想想。	3-9	
我(给/为/替)你们当翻译吧。	3-9	
在(往/向)前走100迷就到了。	3-9	
我给你们讲一个关于狗的故事吧。	3-9	
根据学校的规定，大学生在毕业以前不能结婚。	3-9	
按照原来的打算，我们现在应该去纽约。	3-9	
为什么不按照我说的去做。	3-9	
绝了！(没有更好的了)	3-9	
我给你表演一个绝活了。(别人不会的)	3-9	
别把话说得太绝了。(没有余地)	3-9	
我跟他是老搭档了。	3-9	
这是我亲耳听得到的，绝对没错。	3-9	
这是我亲手包的饺子，绝对地道。	3-9	
这是他亲口告诉我的。	3-9	
关于汉语晚会的时间，老师还没有决定。	3-9	
我看过很多关于动物的书。	3-9	
根据这些资料，我们还不能做出最后的决定。	3-9	
根据我们的了解，这件事和他没有关系。	3-9	
按规定，办私事不能用公车。	3-9	
我照您的办法一试，还真成功了。	3-9	
别说汽车了，就是飞机我也会开。	3-9	
今天我没有时间，改天吧。	3-9	
好久不见、最近在忙什么呢？| 别提了，想忙也没地方忙了，下岗了。	3-10	-
我上个月就下岗了。	3-10	
想办法找一个新工作啊。反正已经这样了，着急也没有用。	3-10	
我已经开始找了，我就不相信找不到一个适合我的工作。	3-10	
你的心态比较我好多了。刚下岗那几天，我快急疯了，而且不敢跟妻子说，怕她着急。	3-10	
我开始的时候跟你一样，每天还假装去上班呢。后来一想，瞒得过今天，瞒不过明天。就跟她说实话了。	3-10	
咱们可真是同病相怜哪。	3-10	
你这几天看新闻了没有？	3-10	
我白天忙着找工作，晚上回家还要做家务，哪有时间看新闻哪。有什么好消息吗？	3-10	
电视上说，政府为了帮助下岗工人再就业，办了很多培训班，让咱们去学点新技术。	3-10	
这可真是一个好消息。	3-10	
这样吧，明天咱们一起去报名吧。	3-10	
别犹豫了。明天九点，我在这儿等你，咱们不见不散。	3-10	
钱平平看了看闹钟，还不到五点半。	3-10	
大学毕业都快三个月了，她还没有找到满意的工作。	3-10	
这一次好容易才找到一家挺不错的公司，但竞争这个工作的人肯定不少。今天的面试一定要成功！	3-10	
她想，干脆早点儿起来，好好准备准备吧。	3-10	
第一次见面，一定要给人留下一个好印象。	3-10	
她先拿起一条连衣裙，觉得不够性感，随手把它扔到了床上；又拿起一条吊带裙，犹豫了一下，还是穿上了。	3-10	
应该再养养神。	3-10	
可是刚一坐下，闹钟就响了起来，把她吓了一跳。	3-10	
她想，还是再化化妆吧。	3-10	
她拿出了那支一直舍不得用的高级口红，颜色不错，她满意地笑了。	3-10	
可是，“我是去找工作，又不是去见男朋友，还是庄重点儿好。”	3-10	
最后，她换上了妈妈为她买的套装，自信地出了门。	3-10	
好容易才找到一家挺不错的公司 = 好不容易 = 很不容易	3-10	
我好不容易才找到他的家。	3-10	
九点上课，他八点半就来了。<> 九点上课，他九点半才来。	3-10	
你多读几遍就记住了。	3-10	
你怎么现在才来？	3-10	
汽车开了七个小时才到那儿。	3-10	
我跑了好几家书店才买到这本书。	3-10	
你才三十，我都四十了。	3-10	
这本书真便宜，才十块钱。	3-10	
都几十岁的人了，学得会吗?	3-10	
都十二点了，你还不睡觉啊？	3-10	
我今年都三十了，不年轻了。	3-10	
才六点半，时间还早。	3-10	
急什么，还有一个多小时呢。	3-10	
除了衣服以外，你还想买什么？	3-10	
急疯了。急坏了。急死了。急得要命。	3-10	
敢做。敢说。不敢说。没敢告诉她。	3-10	
随手关门。随口说的。	3-10	
舍不得吃。舍不得扔。舍不得花钱。舍不得离开。	3-10	
一直往前走。一直在下雨。一直不知道。一直敢告诉她。	3-10	
反正要去。反正不去。反正都一样。反正不是我的。	3-10	
干脆一起去打牌吧。| 去就去，反正我有的是时间。	3-10	
明天9点，咱们在故宫门口见面，不见不散。| 不见不散。	3-10	
不用穿得那么讲究吧？| 还是穿得庄重一点儿比较好。	3-10	
我听说过他，但是(一直/从来)没见过。	3-10	
大学毕业以后，我一直在这个公司工作。	3-10	
你什么时候见我喝过酒？我从来不喝酒。	3-10	
昨天我一直在家，哪儿也没去。	3-10	
从来没有敢这么跟我们老板说话。	3-10	
反正在家也没事，一起去看电影吧。	3-10	
反正也累了，干脆早点儿睡觉吧。	3-10	
我一直想买一本汉英-英汉词典。	3-10	
我还是认为给他打个电话比较好。	3-10	
我不敢一个人去旅行。	3-10	
没想到老王才四十岁就下岗了。	3-10	
昨天晚上我饭也没吃，就睡觉了。	3-10	
他今年都四十岁了。	3-10	
外国人我又不是没见过。	3-10	
他今年都35岁了，不年轻了。	3-10	
比赛都开始半个小时了。	3-10	
我昨天12点就睡觉了。	3-10	
他们走了以后，我才走。	3-10	
才11点，他们就来了。	3-10	
老王知道自己肯定会下岗，因为他的公司最近几年一直不赚钱。	3-10	
他知道不可能老是瞒下去。	3-10	
前天，老黄从电视上看到一个好消息，政府为像他这样的人办了很多培训班，他决定去报名，等学到了新技术，他会找到新工作的。	3-10	
这支口红是我妈妈从巴黎给我买的，我一直舍不得用。	3-10	
我逛了好几家商场，好容易才买到一件适合我妈妈穿的衣服。	3-10	
别犹豫了，反正你在家也没有什么事。	3-10	
我都不急，你急什么呀？	3-10	
我就不相信你能一直瞒下去。	3-10	
咱们还是不去饭店吃了吧。| 走吧。反正不用你和我花钱。今天老板请客。| 太阳怎么从西边出来了。	3-10	
很多大学四年级的学生都为找工作的事情头疼。	3-10	
现在的毕业生要找到一个好工作也确实不容易。	3-10	
很多人刚上四年级就开始找工作。	3-10	
让人受不了的是，面试的人常常问一些和工作没有关系的问题，比如说你有没有男朋友或者女朋友，最近准备不准备结婚等等。	3-10	
大学毕业生越来越多，找工作时的竞争也越来越激烈。	3-10	
只好成绩是不够的，还要别的办法。	3-10	
不管你们去不去，反正我不去。	3-10	
反正我明天没有课，就陪你去一次吧。	3-10	
这种颜色的衣服不适合我。	3-10	
秋天是最适合旅行的季节。	3-10	
你敢不敢跟我比赛？	3-10	
晚上10点以后，我不敢一个人上街。	3-10	
别犹豫了，赶快决定吧！	3-10	
这么好的机会，你还犹豫什么。	3-10	
你呀，干什么事都是犹犹豫豫的。	3-10	
老板对他的工作有点儿不满意。	3-10	
我已经很满意了。	3-10	
干脆点儿，到底同意还是不同意？	3-10	
他说话做事都很干脆。	3-10	
已经10点了，你干脆别去了。	3-10	
我一直想去非洲，可是一直没有机会。	3-10	
从九点钟开始，他就一直站在那儿。	3-10	
我们从晚上八点一直喝到十一点。	3-10	
最近这段时间一直在下雨。	3-10	
他们两个人认识不到一个月就结婚了 <> 他们两个人谈了3年恋爱才结婚。	3-10	
我今天早上6点钟就起床了 <> 我今天早上10点钟才起床。	3-10	
来加拿大都快半年了。	3-10	
都12点了，你怎么还不走啊？	3-10	
白天要上课，晚上还要去打工，挺辛苦的。	3-10	
反正你要去超市，就顺便给我买点东西回来吧。	3-10	
犹豫不快。	3-10	
他好像很不满的样子。	3-10	
你有什么不满就说出来。	3-10	
最近几天我一直没抽烟。近几天我从来没抽烟。	3-10	
你疯了？	3-10	
孩子们玩电子游戏都玩疯了。	3-10	
我几乎气疯了，你们还在笑。	3-10	
就餐。就任。就职。就座。	3-10	
我刚才随手一扔，不知道放在哪儿了。	3-10	
我11点就睡了 <> 我11点才睡。	3-10	
我回到家的时候就9点半了  <> ~才9点半。	3-10	
我们班就三个韩国学生 <> ~才三个韩国学生。	3-10	
都12点了，该睡觉了。	3-10	
我来加拿大(连)一个月都不到，谈不上了了解。	3-10	
我认识的汉字(连)100个都没有。	3-10	
找了半天，还是没找到。	3-10	
我说了好几遍，他还是不明白。	3-10	
我是去找工作，又不是去见男朋友。	3-10	
我对这种事情不感兴趣，你又不是不知道。	3-10	又不是
假期咱们一起去打工吧！	3-11	-
我是想去打工，可是我爸爸妈妈说，女孩子打工太辛苦。	3-11	
他们不但不让我打工，而且还让我利用这段时间多选几门课，多拿几个学分。	3-11	
你明年的学费怎么办？	3-11	
我爸妈说了，虽然我们家不是很有钱，但是只要我需要，他们就会给我想办法，哪怕贷款也没关系。我要多少他们就会给多少。	3-11	
他们不是“给”我钱，是“借给”我钱。我已经借了我父母三千多块钱了，等我大学毕业找到工作以后，我会很快还他们的。	3-11	
父母挣钱不就是为了孩子吗？父母的钱就是孩子的钱，分那么清楚干什么？	3-11	
我已经二十岁，不是孩子了。父母挣钱也不是为了我，他们有自己的生活。	3-11	
不管什么时候，父母和孩子都是一家人。既然是一家人，就不用分得那么清楚。	3-11	
那是你们中国人的想法。可是我们觉得，虽然孩子和父母是一家人，但是只要你到了十八岁，你就应该独立。只有在经济上独立了，你才能真正地独立。	3-11	
那万一你大学毕业以后找不着好工作，你借他们的钱，还不了怎么办？	3-11	
这个问题我还真没想过。不过我想，即使还不了也没关系。	3-11	
今天在路上碰见了马克，他建议我假期去打工。	3-11	
马克告诉我，他的学费一部分是自己打工挣的，一部分是跟父母借的，将来要还给父母。	3-11	
更让我感到不能理解的是，他假期回家住在家里，他爸爸还要他交房租！	3-11	
开始的时候我觉得很可笑，怎么会这样？	3-11	
中国的孩子，不论过没过十八岁，只要没结婚，没工作，都可以伸手向父母要钱，谁也不会说“借”。	3-11	
我记不清从小到大跟父母要过多少钱了，只知道光这两年的学费、生活费就是一笔不小的数目。仔细一想，我吓坏了，要是他们要我还，我还得起吗？	3-11	
也许我也应该去打工。于是就给父母打了个电话，可是却被爸爸骂了一顿：“谁要你还了？你还得起吗？再说，你早点把学位读出来，早点找一个好工作，不就什么都有了？”	3-11	
爸爸的话好像也有道理。	3-11	
他和妈妈从来没想到要我还钱，我要还给他们的也不仅仅是钱。	3-11	
我现在是学生，主要的任务是学习，只要把学习搞好就行了。算了，打工的事儿，以后再说吧。	3-11	
在政治上。在法律上。在生活上。在爱情上。	3-11	
你打个电话问问她，不就知道了？	3-11	
虽然我已经是大学生了，但是爸爸妈妈还是把我当成孩子。	3-11	
我虽然没见过他，可是我听说过他。	3-11	
虽然马丁心里很生气，可是什么也没说。	3-11	
哪怕贷款也没关系。	3-11	
哪怕明天下雨，我也要去爬山。	3-11	
即使不还也没关系。	3-11	
即使你们都同意，我也不能这么做。	3-11	
你只有找到她，才能找到马力。	3-11	
只有认真学习，你才会有进步。	3-11	
只有考上好大学，将来才能找到好工作。	3-11	
只要你到了十八岁，你就应该独立。	3-11	
只要考上了好大学，将来就能找到好工作。	3-11	
只要我有时间，我就一定去。	3-11	
不管明天下雨(还是)不下雨，我都要去爬山。	3-11	
不管在北京还是在上海或者别的大城市，都可以看见很多外国人。	3-11	
不论是谁(老师还是学生)，都不能在教室抽烟。	3-11	
一部分同学。大部分同学。大部分时间。少部分人。	3-11	
想法。看法。说法。做法。	3-11	
可笑。可爱。可气。可口。	3-11	
仔细看。仔细想。仔细听。仔细找。	3-11	
主要节目。主要课程。主要演员。主要对手。	3-11	
吃完饭再说。下课再说。去了再说。买了再说。	3-11	
他为了挣钱，每天都要工作到很晚，实在太辛苦了。	3-11	
他这些钱都是辛苦钱，所以舍不得花。	3-11	
我想利用这个假期好好儿学习。	3-11	
学外语首先要学会利用词典。	3-11	
你还是带上伞吧，万一下雨了怎么办？	3-11	
万一有什么事，就给我打电话。	3-11	
我觉得你其实并没有理解他的意思。	3-11	
很多人对他的做法都感到不理解。	3-11	
这遍文章很难，有些地方不容易理解。	3-11	
你这种想法太可笑了。	3-11	
我今天碰到了一件可笑的事儿。	3-11	
卧室，厨房，卫生间我都仔细看过了，没有你的猫。	3-11	
你仔细想想，是不是放在家里了？	3-11	
他做事情很仔细。	3-11	
我告诉他们怎么走，他们却不相信我的话。	3-11	
我往他家里打了好几次电话，但却一直没人接。	3-11	
这件衣服太贵了，颜色也不好看。再说，这种样式是去年流行的。别买了吧。	3-11	
我们虽然见过面，但是互相并不熟悉。	3-11	
虽然工作很辛苦，但是能挣不少钱。	3-11	
即使下雨我也不怕，我带着雨伞呢。	3-11	
即使在夏天他也不吃冰淇淋。	3-11	
哪怕是太阳能从西边出来，我也不相信他会做饭。	3-11	
只有学会一个国家的语言，才能很好地了解这个国家的文化。	3-11	
只有加入了WTO，中国才有更多的发展机会。	3-11	
只要有技术，就一定能找到工作。	3-11	
你只要花五块钱买一张票，就能参加他们的活动。	3-11	
他只要看见好看的衣服，不管是不是适合自己，都是先买了再说。	3-11	
总统也不能进去吗？| 不论是谁，都不能进去。	3-11	
记者也不能拍照吗？| 不论是谁，都不能拍照。	3-11	
还在伤心啊？| 嗯。| 算了，事情已经过去了。再说，伤心也没有什么用，以后注意就行了。	3-11	
你还是带上雨伞吧，万一下雨呢？| 好吧，听你的。	3-11	
我这次来主要是想了解一下情况。	3-11	
这是一个很重要的问题。	3-11	
上海是中国最(重要/主要)的城市之一。	3-11	
“打工太辛苦”是中国父母不愿意让孩子打工的一个(主要/重要)原因。	3-11	
中国人的一些想法西方人很难理解。	3-11	
我们是好朋友，对他的情况我比较了解。	3-11	
如果你想了解中国历史，你应该去西安。	3-11	
他这样做一定有他的道理，希望你能理解他。	3-11	
只有选一个好专业，将来才能找到好工作。	3-11	
只要打个电话，他们就会把飞机票给你送来。	3-11	
不管什么时候来，我都欢迎。	3-11	
即使你自己不想移民，也要替你女朋友想想。	3-11	
虽然我很想跟他们一起去，可我却一直没有时间。	3-11	
你的事儿以后再说。	3-11	
万一移民局不批准怎么办？	3-11	
我觉得这件事并不可笑。	3-11	
这不仅仅是钱的问题。	3-11	
你应该好好利用这段时间。	3-11	
你只有打电话告诉他们，他们才回给你送来。	3-11	
只有多说，你的口语水平才会有进步。	3-11	
只要认真学习，你就能学会。	3-11	
只要学好了英语，你就能找到一个好工作。	3-11	
万一护照丢了怎么办？	3-11	
万一他拒绝了怎么办？	3-11	
西方人很难理解中国的家庭关系。	3-11	
父母也很少想到让孩子去打工，特别是女孩儿，因为打工太辛苦了。	3-11	
只要你敢去，我就敢去。	3-11	
客人只有感到满意了，下次才会再来。	3-11	
哪怕今天晚上不睡觉，我也要把作业做完。	3-11	
不论是大人还是小孩，坐飞机都得买票。	3-11	
既然不满意，你就别买。	3-11	
小张是从农村来的，他父母每个月只能给他寄200块钱。	3-11	
在北京，这点儿钱连生活费都不够，怎么办呢？	3-11	
他想到了打工。可是看看周围的同学，打工的还真不多。	3-11	
有些同学每个月花的钱是他的几倍，可是他们根本不考虑钱的问题。	3-11	
打工太辛苦了，工资又很低，再说还影响学习。	3-11	
现在贷款，毕业的时候再还，大学生贷款没有利息，到哪儿找这么好的事儿？	3-11	
不怕一万，就怕万一。	3-11	
我不喜欢被别人利用。	3-11	
我不理解那儿的情况。	3-11	
有人笑话陈静的男朋友很小气，可是陈静自己却不这么想。	3-11	
他的朋友虽然多，但却没有几个是真正理解他的。	3-11	
今天先解决这件事儿，别的明天再说。	3-11	
这件衣服挺适合你的，颜色也不错。再说也不贵，买了吧。	3-11	
我们公司和他们公司做过几笔生意。	3-11	
既然你不感兴趣，那就算了吧。	3-11	
既然来了，就不要走了，一起喝一杯吧。	3-11	
你既然不舒服，就回去休息吧。	3-11	
在老师和同学们的帮助下。	3-11	
在她的劝说下。	3-11	
在她的影响下。	3-11	
中国大学生平时打工的不多，主要是因为打工挣的钱太少。	3-11	
每个国家都有自己的节日，也有自己独特的过节方式。	3-12	-
中国最重要的传统节日当然是春节。除了春节以外，中国还有元宵节、中秋节等等。	3-12	
假如把少数民族的节日也加上，中国人几乎天天都在过节。	3-12	
以前，中国人过节特别喜欢吃：春节吃饺子，元宵节吃元宵，中秋节吃月饼。吃完以后，喝喝茶，聊聊天儿，看看电视，时间很快就过去了。	3-12	
旅游就流行起来了：五一去旅游，十一去旅游，就连春节也不再像以前那样呆在家里了。结果呢，火车、汽车，饭店、公园，到处人满为患。	3-12	
现在，中国开放了，除了传统的节日以外，很多人还非常喜欢过外国人的节日。特别是年轻人，他们过西方人的节日主要是因为好奇。	3-12	
他们最喜欢的西方节日是圣诞节和情人节。在他们看来，西方人的圣诞节过得很浪漫：圣诞树上五颜六色的灯，穿着红衣服的圣诞老人……；情人节也是这样，2月14号那天，花店里非常热闹，小伙子们都想买一枝红玫瑰，送给自己的女朋友。	3-12	
对于年纪大一些的人来说，传统节日过得太多了，圣诞节和情人节似乎又是年轻人的专利。	3-12	
于是，中国又“进口”了母亲节。到了5月的那一天，孩子们——尤其是女儿们——总会想着给母亲送上些小礼物，比如丝巾、袜子什么的。当然，有的礼物也很贵重。	3-12	
不管是什么样的礼物，母亲们在接受的时候都会笑得合不拢嘴。这样一来，父亲们多少会有些失落。	3-12	
商店的门前出现了这样的广告：别忘了你父亲！于是，中国也有了父亲节。	3-12	
节日越来越多，过节的方式也变得越来越让人感动。一件小小的礼物其实也算不上什么，可是在某一个特别的时候，常常能使人感受到真挚的情和爱。	3-12	
要说取名字，讲究可多了。	3-12	
今年流行什么颜色？	3-12	
发电子邮件拜年是去年最流行的拜年方式。	3-12	
年轻人喜欢流行歌曲，年纪大的人喜欢传统歌曲。	3-12	
别老是呆在家里，到外边散散步吧。	3-12	
我在西藏呆过一个月。	3-12	
我很好奇，就过去看了一会。	3-12	
孩子的好奇心很强。	3-12	
今天林娜似乎有点儿不高兴。	3-12	
她似乎知道了这件事儿。	3-12	
别人送礼物给你，你应该高兴地接受。	3-12	
我能理解他们的想法，但我不能接受他们的请求。	3-12	
不到长城非好汉，意思是说如果没去过长城，就算不上好汉。	3-12	
这只是一点小意思，算不上什么礼物。	3-12	
他的话使人生气。	3-12	
我们应该好好儿想想，怎么做才能使客人满意。	3-12	
许仙和白娘子的爱情故事使我很感动。	3-12	
来这儿一个月，我真正感受到了人口少的好处。	3-12	
你这样做，有没有想过别人会有什么感受？	3-12	
过年。过节。过生日。过暑假。	3-12	
对于西方人来说。	3-12	
对于动物来说。	3-12	
对于公司来说。	3-12	
算不上流利。算不上贵重。算不上漂亮。算不上有钱人。	3-12	
五颜六色。五湖四海。三言两语。三心二意。	3-12	
某年。某月。某一天。某市。某校。某地。某某人。张某(某)。	3-12	
你最喜欢西方的什么？| 对于我来说，这个是一个很难回答的问题。	3-12	
你觉得什么是幸福？| 对于我来说，能做自己想做的事就是一种幸福。	3-12	
你觉得这个是不是最好的？| 对于我来说，没有最好，只有更好。	3-12	
年轻人为什么喜欢过情人节？| 在我看来，最主要的原因是可以让爱情变得浪漫一些。	3-12	
女孩子为什么喜欢红玫瑰？| 在我看来，最主要的原因是红玫瑰象征着爱情。	3-12	
母亲节快到了，该买些礼物给妈妈了。| 是啊。可是买什么好呢？| 丝巾，袜子什么的，都可以呀。	3-12	
对于有些人来说，钱比爱情重要得多。	3-12	
关于这个问题，你干脆自己去问老板吧。	3-12	
我听过很多关于狗和主人的故事。	3-12	
对于朋友，我觉得应该多一些理解。	3-12	
对于西方人来说，汉字是最难的。	3-12	
同学们对这个问题都很感兴趣。	3-12	
这些话绝对不能对林娜说。	3-12	
我到北京留学主要是想学习地道的北京话。	3-12	
西方节日年轻人最喜欢的是圣诞节和情人节。	3-12	
有了钱 ，又有时间，就会想起来去旅游。	3-12	
他的话让人听起来觉得多少有些不舒服。	3-12	
其实也没有什么，不就是丢了100块钱吗？	3-12	
就连最好的朋友也不相信他了。	3-12	
他的话使人听了很不舒服。	3-12	
10万其实算不上大数目。	3-12	
总是吃也没什么意思。	3-12	
我今天来主要是想了解一些情况。	3-12	
在孩子们看来，世界上真的有一个圣诞老人。	3-12	
很多人喜欢过节的原因是，节日其实是一个机会，一个差不多每个人都有的机会。	3-12	
情人节主要是属于情人们的。没说过“我爱你”的可以在这个时候说，说过了的呢，送上999朵玫瑰，她就更爱你了。	3-12	
我明天还得加班。	4-1	-
周末还加什么班？你已经是大老板了，干吗还那么拼命！	4-1	
我准备再开一家连锁店。	4-1	
我看你真是要钱不要命。太不会享受了生活了。	4-1	
怎么啦，又被老板炒鱿鱼了？	4-1	
这次不是老板炒我，是我炒了老板。	4-1	
工作也确实很有意思，可是收入太低了。	4-1	
老刘，你为什么老是呆在学校里，我真弄不明白，你们老师的工资不高啊。	4-1	
是呀，到我的公司来吧，我让你去新开的连锁店当经理，工资肯定比你现在高。	4-1	
谢谢，不用了，我的想法和你们不同。	4-1	
我对当经理不感兴趣，我认为还是当老师好。	4-1	
你为什么工作？有人说为了生活，不工作就没有收入；也有人说不为什么，人就应该工作。那你为什么努力工作？这个问题的答案就多了。	4-1	
复旦大学市场调查中心曾在北京、上海、广州这三个城市进行了一次调查，其结果是：35.7%的城市居民努力工作是为了增加工资收入；18.1%的人努力工作是为了发挥自己的能力；7.7%的人努力工作是因为对自己的工作感兴趣；5.6%的人努力工作是为了给国家多做贡献；4.8%的人努力工作是为了自己能当老板；只有3.3%的人是为了给更多的人服务；还有24.8%的人没有选择。	4-1	
北京是中国的首都。三个城市中，北京选择为国家多做贡献的人最多，选择为了增加收入的人最少，选择为别人服务的人也是最少的。	4-1	
上海是中国受西方影响最大的城市，选择为增加收入而努力工作的人比例最高，但是，选择为自己能当老板而努力工作的人比例却最低。	4-1	
看来，在一个商品化的城市里，金钱比兴趣重要得多。	4-1	
你在干吗？	4-1	
你去北京干吗？	4-1	
你干吗不想去？	4-1	
我干吗要告诉你？	4-1	
我(的个子)比你的个子高。	4-1	
我倒是想加班，可没地方加。	4-1	
东西倒是不错，就是太贵了。	4-1	
房子虽然不太大，倒是很漂亮。	4-1	
姐姐倒比妹妹还显得年轻。	4-1	
你说得倒容易，你自己试试看。	4-1	
有名 没名。有钱 没钱。有劲 没劲。	4-1	
他在这方面很有经验。	4-1	
吃得太多对健康没什么好处。	4-1	
你这样说，真是太没意思了！	4-1	
这本书确实不错。	4-1	
确实，这个工作很有意思。	4-1	
最近他确确实实进步很快。	4-1	
现在还没有得到确实的消息。	4-1	
这个消息确实吗？	4-1	
我们对老师提出的问题进行了热烈的讨论。	4-1	
我又把他们进行了一次比较，发现他们的确不一样。	4-1	
会议正在进行。	4-1	
工作进行得很顺利。	4-1	
两国领导人在北京进行了正式会谈。	4-1	
我们学校的留学生增加了很多。	4-1	
会说汉语能给今后找工作增加一些机会。	4-1	
这家饭店最近又增加了不少新的特色菜。	4-1	
王老师的课很受欢迎。	4-1	
这首歌很受年轻人的欢迎。	4-1	
这么热的天气，又没有空调，我真受不了了。	4-1	
我们都应该有为别人服务的意识。	4-1	
他已经意识到了那个问题的确很严重。	4-1	
看他们的样子，我们意识到一定发生了什么大事。	4-1	
春天已经来了，她却一点儿也没意识到。	4-1	
她还太小，意识不到这个问题有多严重。	4-1	
上海是一个现代化的大都市。	4-1	
有水平 没水平 有理 没理 。	4-1	
增加 <> 减少。	4-1	
我想去看看她是怎么上课的。	4-1	
我真不明白，你为什么要那么干？	4-1	
你那么有钱，干吗还那么拼命？	4-1	
这个学生老是迟到，老师对他不太满意。	4-1	
东西不错，可是太贵了。	4-1	
聪明倒是挺聪明的，却不怎么努力。	4-1	
你买的这件衣服确实不错，很好看，而且也不贵。	4-1	
喜欢为别人服务的人只有百分之四。	4-1	
只有努力学习，才能取得好成绩。	4-1	
选择为自己能当老板而努力工作的人却很少。	4-1	
你干吗不去上海学习汉语？	4-1	
马克对当总统很感兴趣。	4-1	
漂亮是漂亮，价钱也不贵，可是我不喜欢。	4-1	
你们上个星期去纽约干吗？	4-1	
这是我自己的事儿，干吗要告诉你呢？	4-1	
老板干吗炒你的鱿鱼？	4-1	
明天是周末，本来想跟老同学一起去外面玩儿玩儿，可阿伟说她还得加班，真是没办法。	4-1	
有时候，我真是搞不懂他们。	4-1	
再看看学东，他总是跳槽，跳来跳去的，在哪家公司都呆不长，一会儿被老板炒了，一会儿又炒了老板，真不知道他在想些什么。	4-1	
当然，他们也不理解我，问我当老师有什么好？其实，我也说不上当老师好在哪儿，喜欢就是喜欢，好像也没什么理由。	4-1	
我对跳舞不感兴趣。	4-1	
聪明是聪明，学习也确实很努力，可是方法却有点儿问题。	4-1	
你已经很有钱了，干吗还那么小气？	4-1	
我认为还是打冰球好。	4-1	
你的成绩比我好多了。	4-1	
我们公司人本来就很少，自从中国加入世界贸易组织(WTO)以来，业务量有了明显的增加，我们加班也就成了家常便饭。	4-1	
最近一段时间，我的工作量增加了一倍，加班费虽然挺多，可是我不想加班，我实在受不了了。	4-1	
他们先后住进了医院，于是，老板就让我同时接下了他们两个人的工作，一个人干三个人的话！	4-1	
整个人都要累病了。	4-1	
叫你们老板再招聘一些人嘛！	4-1	
我们公司也是，连办公桌都不愿意增加，不要说人了。你就再忍一忍吧！	4-1	
有些公司就是小气，我绝对不去这样的公司做事。你还是赶快辞职吧！	4-1	
太累人的工作还是算了吧！如果是我的话，就拒绝加班，炒了老板。	4-1	
汉语那么难，你干吗要学习？	4-1	
你要是敢打他，我就跟你拼命。	4-1	
工作的时候，拼命地工作；玩儿的时候，拼命地玩儿。	4-1	
享受生活；享受阳光；很会享受；不会享受	4-1	
好倒是好，可是太贵了。	4-1	
东西不是很贵，倒是挺有用的。	4-1	
能常常跟他在一起倒也不错。	4-1	
这里确实很美。	4-1	
我确实很喜欢学习汉语。	4-1	
他的工资不多，但收入并不少。	4-1	
工资和收入并不完全一样。	4-1	
不用你帮忙我也能做完。	4-1	
要不要我帮忙？不用了，谢谢！	4-1	
不同的国家有不同的文化。	4-1	
三天以后，我会给你一个满意的答案。	4-1	
你的答案不对。	4-1	
请你去调查一下，看看他说得对不对。	4-1	
调查中心；学校活动中心；问题的中心；中心城市；中心问题	4-1	
我以前曾去过中国很多次。	4-1	
我过去就曾告诉过你，不要随便出去。	4-1	
进行调查；进行讨论；进行选择；进行活动；进行培训	4-1	
进行统计；进行参观；进行表演；进行竞争；进行体育锻炼	4-1	
新的一年开始了，我们又增加了很多新的汉语课。	4-1	
现在，我们又增加了很多新的机会。	4-1	
你们每一个人都要发挥自己的能力。	4-1	
这次考试考得不好，没有发挥出自己的水平。	4-1	
他的工作能力很强。	4-1	
他这个人没什么能力。	4-1	
他是一个很有能力的人。	4-1	
为国家做出自己的贡献。	4-1	
这次比赛我们能赢，小王的贡献很大。	4-1	
家里只有我一个人。	4-1	
我只有五块钱。	4-1	
我很高兴能为你们服务。	4-1	
这个饭店的服务质量不错。	4-1	
你选择了我，我也选择了你。	4-1	
这是我们两个人的选择。	4-1	
受欢迎；受影响；受感动；受保护；受培训；受罚款；受调查	4-1	
你这么说，对他的影响很大。	4-1	
你这么做会影响你们的感情。	4-1	
看来，你的确比我聪明。	4-1	
看来你也不怎么样。	4-1	
你看来也和我差不多。	4-1	
没干吗呀 (=什么也没干)	4-1	
不想干吗 (=什么也不想干)	4-1	
我还以为旁边会坐着位靓女呢，没想到是你。| 让你失望了吧。| 哪儿的活。	4-2	-
听说你当官儿了、感觉如何？| 校长算什么官儿啊，头疼得很！	4-2	
最近単位在搞改革，行政人員太多了。得让一些人下岗。难哪！	4-2	
让谁下岗还不是由你决定？你说让谁下岗，谁就得下岗。	4-2	
你是老板，想炒谁的鱿鱼就炒谁的鱿鱼。	4-2	
你别理他们不就完了？	4-2	
不理怎么行？老领导、老同事，亲威朋友都来说情，能不给面子吗？	4-2	
那倒也是。这是件得罪人的事。	4-2	
处理人际关系比搞专业难多了。我真想辞职。	4-2	
老板每天都要给他布置许多任务。白天做不完，晚上回到家里还要加班。	4-2	
他常常说：“我真想辞职！”但是，他并没有那样做。	4-2	
一天晚上，吃完饭以后，他像平时一样开始加班。	4-2	
他没办法，忽然看到桌子上放着一本过了期的杂志，打开的那一页正好是一张世界地图，于是，他就把地图撕成小碎片，交给女儿，说：“孩子，你去把这张世果地图拼起来，如果拼对了，我就陪你玩儿。”	4-2	
这位父亲本来想给女儿出难题，因为他知道女儿才三岁，刚上幼儿园，不可能知道世界地图是怎么回事。	4-2	
但是，只过了一会儿，女儿就把一张破碎的世界地图拼好了。他很惊讶。	4-2	
幼儿园老师教过你怎么拼世界地图吗？	4-2	
女儿笑着说：“你看看反面，像不像妈妈？”原来，世界地图的反面是一个电影明星的照片。	4-2	
当她把照片拼好以后，问题当然也就轻而易举地解决了。	4-2	
其实，世界上很多问题都是人的问题，人的问题解决了，别的问题也就好办多了。	4-2	
你怎么现在才来？我以为你不会来了呢。	4-2	
我以为他会来呢。(他并没有来)。	4-2	
一次又一次地失败以后，他终于失望了。	4-2	
你这次考试又没及格，我觉得很失望。	4-2	
你昨天没去，他们都很失望。	4-2	
这件事啊，他满意得很。	4-2	
别理我，我很难过。	4-2	
你不理我，我还不想理你呢。	4-2	
他不是好人，我们都不要理他。	4-2	
我的同屋很聪明，也很可爱。	4-2	
他是我的同乡，也是我大学时的同班同学。	4-2	
我哥哥在复旦大学国际交流学院学习国际关系。	4-2	
他一直坐着，没起来过。	4-2	
你已经睡了一天了，该起来了。	4-2	
我终于想起来了。	4-2	
突然从桌子后面站起来一个人。	4-2	
她开心地笑了起来。	4-2	
天气慢慢暖和起来了。	4-2	
他们高兴得唱起歌来。	4-2	
这件事看起来很难办。	4-2	
这个东西太大，带起来不太方便。	4-2	
你想不想当老板？	4-2	
当你离开的时候，我一定会来送你。	4-2	
小王又辞职了。	4-2	
一年里面，他辞了三次职。	4-2	
我从来也没辞过职。	4-2	
我还以为你会去中国呢。	4-2	
我还以为你不喜欢汉语呢。	4-2	
你今天真靓！	4-2	
希望越大，失望也就越大。	4-2	
别失望，以后还会有机会。	4-2	
我与你们同行，如何？	4-2	
我们如何才能把汉语学好？	4-2	
最近他没有来过。	4-2	
想找个好单位也很难。	4-2	
我们单位的领导都不错。	4-2	
中国是从1978年开始改革的。	4-2	
这件事儿应该由你去做。	4-2	
这是单行道，车辆只能由东向西行驶。	4-2	
我叫了他好几声，可他就是不理我。	4-2	
大家都不要理他，让他一个人去。	4-2	
你去帮她说个情，让她妈妈别再骂她了。	4-2	
我已经帮你说了情了，妈妈还骂你，那我可没办法了。	4-2	
为她说情的人可真不少。	4-2	
他是一个很要面子的人。	4-2	
对中国人来说，“面子”问题是一个重要的问题。	4-2	
他是我的朋友，请你一定要给点儿面子。	4-2	
你得罪了他，以后要倒霉的。	4-2	
这件事儿由我来处理好了。	4-2	
每个人都能像他一样，我们单位就一定会好起来的。	4-2	
你怎么能那样做？太让我伤心了。	4-2	
我打电话来的时候，他正好不在家。	4-2	
他今年正好23岁，跟你一样大。	4-2	
老师老是给我们出难题。	4-2	
他给我们出了不少难题。	4-2	
破碎的报纸。破碎的心。	4-2	
他进来的时候，我们都觉得很惊讶。	4-2	
她来了以后，就常常发生让人惊讶的事儿。	4-2	
报纸的正面是他的照片，反面是对他的介绍。	4-2	
看问题不但要看到它的正面，还要看到它的反面。	4-2	
解决这个问题还不是轻而易举的事？	4-2	
这个问题就由他来解决吧!	4-2	
他们的事儿可不太好解决。	4-2	
非走不可 (= 一定得走)	4-2	
我以为他来了。(事实上，他没来)	4-2	
现在，由小李给我们说说他的事儿。	4-2	
午饭是由他来负责的。	4-2	
由南到北，由东到西，他把全中国都跑遍了。	4-2	
当我从加拿大回来的那天晚上，她也从北京回来了。	4-2	
当你离开的时候，我一定会来送你。	4-2	
这件事你应该当着我们的面说清楚。	4-2	
我当你早就结婚了呢，原来像我一样，还是个光棍啊。	4-2	
外国人学汉语，用词不当是很常⻅的。	4-2	
受影响。受欢迎。受感染。受批评。	4-2	
让你难过了吧。 | 哪儿的话。	4-2	
你一定要辞职吗？ | 是啊，我非辞职不可。	4-2	
你一定要让我下岗吗？ | 是啊，我非让你下岗不可。	4-2	
我一直认为当老板比当老师好，现在还是这么想。	4-2	
你干吗不给我打电话，我还以为你不理我了呢。	4-2	
我还以为是什么事儿呢，这么着急，原来就这么点儿事儿啊。	4-2	
我认为兴趣比金钱重要得多。	4-2	
他于是就把我给他的那张地图撕成很小很小的碎片。	4-2	
她终于把爸爸撕碎的那张世界地图拼好了。	4-2	
他总是喜欢给别人出难题。	4-2	
听说你要出国了，怎么还没走啊？	4-2	
刘天明是我的老同学，听说他混得不错，而且还当了官儿。	4-2	
他自己却说，校长不算什么官儿，而且还头疼得很。	4-2	
他们单位最近在搞改革，可能要让一些人下岗，那可真是一件得罪人的事儿。	4-2	
看来天明的这道难题还真挺难解决呢。难怪天明说他明天要去辞职。	4-2	
他请我去吃饭，不去怎么行？	4-2	
衣服太贵，你别买不就完了？	4-2	
你不做不就完了？ | 不做怎么行？	4-2	
人际关系指的就是人和人之间的关系。	4-2	
人在社会中不是孤单的，人际交往是人类社会中非常重要的一部分，人的许多需要都是在人际交往中得到满足的。	4-2	
如果人际关系不顺利，就会感到孤单；如果有良好的人际关系，就能得到心理上的满足。	4-2	
要想建立良好的人际关系，就要在社会生活中了解和掌握以下人际交往的一般原则。	4-2	
平等原则。要用平等的态度对待别人，不要自以为高人一等。	4-2	
忍让原则。要理解别人，不能要求别人什么都跟自己一样。	4-2	
互利原则。就是要对双方都有好处，满足双方不同的需要。	4-2	
信用原则。对别人要诚实，要讲信用。	4-2	
瞧，这孩子可真讨人喜欢。张大妈，您真有福气呀。	4-3	-
有什么福气呀？受罪的命。三个儿子给我生了俩孙子，一个孙女儿。都让我一个人带，实在没办法。	4-3	
您身体好啊。您看我吧，不是这儿疼，就是那儿不舒服。儿女们关心我，不让我带孙子孙女儿。	4-3	
我这身体吧，十年以前是挺好，现在不行了，一躺下就不想再爬起来。	4-3	
老年大学？这么大年纪了还上什么大学？| 上着玩儿呗。	4-3	
跳舞、画画儿。唱京剧、学书法。想学什么就学什么。	4-3	
哎呀、我得走了，我老伴儿还在等着我呢。	4-3	
一天上午，一对六十多岁的夫妻来法院要求离婚。	4-3	
一问才知道，原来他们结婚还不到一年，离婚的理由是感情不好。	4-3	
但是两位老人看对方的时候，眼神都很温柔。我劝他们回去再考虑考虑。	4-3	
那天下午，老先生的几个儿女找上门来，一听说我是负责这个案子的法官，马上就把我围住，说了很多话，意思只有一个：让他们的父亲离婚。	4-3	
我告诉他们，离婚是夫妻两个人自己的事，应该由他们自己决定。	4-3	
第二天，两位老人又来了。这一次他们一定要离婚，我只好同意。签字的时候，我发现他们俩都很伤心。	4-3	
我更不明白了，感情这么好，为什么还要离婚？	4-3	
老先生告诉我，他们又复婚了。我吃了一惊，就问他为什么。	4-3	
原来，老先生有一些钱，在市中心还有一套房子，每个月可以得到一笔租金。	4-3	
儿女们早就在想怎么分他的遗产了。	4-3	
老人的再婚让他们很失望，他们不想让别人分走父亲的遗产，所以就天天和父亲吵架。	4-3	
离婚以后，老先生把财产都分好了，儿女们才同意他们俩复婚。	4-3	
说完，两位老人走了，我站在那儿，呆了很久。	4-3	
我这是说着玩儿的，你别太认真。	4-3	
一写才知道这个词原来这么难。	4-3	
一来上海才发现中国也有这么漂亮的地方。	4-3	
我一听声音就知道是你来了。	4-3	
他一来上海就去博物馆了。	4-3	
等他上了幼儿园，您就别管了，跟我一起上老年大学去。	4-3	
你一定要好好管管孩子。	4-3	
我是管生活的，学习上的事儿我不管。	4-3	
他们都管我叫“大熊猫”。	4-3	
管你是男是女，只要有能力，我们都要。	4-3	
管你喜欢不喜欢，只要我喜欢就行。	4-3	
管他是谁，错了就应该道歉。	4-3	
他们要求和校长见面。	4-3	
老师总是要求我们多读课文。	4-3	
我门毎个人都应该严格要求自己。	4-3	
我们一定会满足你的要求。	4-3	
他对我提出了两点要求。	4-3	
我负责你们班的学习，有问题的话，你们可以来找我。	4-3	
你在中国的衣食住行都由我来负责。	4-3	
你真是一位认真负责的好老师！	4-3	
王教授对他的学生是很负责的。	4-3	
女人常常要做出更多的努力才能得到和男人一样的机会。	4-3	
我从来也没得到过一点儿好处。	4-3	
你别想从他那儿得到什么好处。	4-3	
你从他那儿得不到什么好处。	4-3	
我同意你们的意见，可老师不同意。	4-3	
爸爸会不会同意你的要求？	4-3	
我的网友说了好几次要和我见面，我都没同意。	4-3	
瞧，他来了。	4-3	
瞧，这衣服多漂亮！	4-3	
他一点儿也不讨人喜欢。	4-3	
他们都说我很有福气。	4-3	
我真是太没福气了！	4-3	
让我做这种事儿，真是太受罪了！	4-3	
这么冷的天儿穿这么一点儿衣服，还不是自己找罪受吗？	4-3	
他们结婚已经三年了，可一直没有生孩子。	4-3	
他是1987年8月29日生的。	4-3	
画一张画儿。画得真漂亮。	4-3	
你老伴儿可真好！	4-3	
夫妻双双把家还。	4-3	
你的要求可真多！	4-3	
老师要求我们明天一定要把作业交上去。	4-3	
他们才结婚一个月就离婚了。	4-3	
离婚不是什么好事儿，但也算不上什么坏事儿。	4-3	
你总是有很多理由。你的理由总是那么多。	4-3	
他们俩感情很不错。	4-3	
感情的事儿是很难说清楚的。	4-3	
我也不知道对方是什么样的人。	4-3	
比赛的时候、对方老是推他。	4-3	
中国的女孩儿真温柔！	4-3	
我很丑，可是我很温柔。	4-3	
这个问题我已经考虑好了快点决定吧，别再考虑了！	4-3	
这件事儿由我负责。	4-3	
我负责解决这个问题。	4-3	
围住老师 / 把老师围住。	4-3	
爸爸已经同意我跟你们一起去旅行了。	4-3	
没有爸爸的同意，我是不会跟你们一起去旅行的。	4-3	
他们已经签了字了。我们已经签过字了。	4-3	
能得到您的帮助，我真是太高兴了。	4-3	
只要得到您的同意，我就一定能做好。	4-3	
他爸爸并没有给他留下什么遗产。	4-3	
昨天晚上，我们俩又吵了一架。	4-3	
他们家没有财产。	4-3	
一学才知道，汉语原来并不难。	4-3	
大卫一上课就想睡觉。	4-3	
管他什么人，别理他。不管什么人，你都不要理他。	4-3	
我来负这个责。	4-3	
你真有钱呀。| 有什么钱呀？受穷的命。	4-3	
他们俩认识了三年之后，终于结婚了。	4-3	
离婚之后，她一个人带着孩子，真是不容易！	4-3	
虽然离婚已经两年了，但她心里还是很爱他，所以她想：还是复婚算了。	4-3	
离婚两年之后男方有再婚了，可她没有。	4-3	
如果他们一定要去，我也只好同意。	4-3	
他们早就在想怎么去外面玩儿了。	4-3	
你的汉语都这么好了，还上什么课呀。	4-3	
老人的再婚让他们很失望。	4-3	
实在没办法，两位感情很好的老人只好离婚。	4-3	
你已经这么有钱了，还加什么班哪！	4-3	
时间来不及了，你还吃什么饭哪。	4-3	
作业还没做完呢，你还看什么电影呀。	4-3	
钱都丢了，还买什么东西呀!	4-3	
这孩子可真讨人喜欢!	4-3	
我的要求并不多，可父母一次也没同意过。	4-3	
上海目前有近100万的老人不和子女住在一起。	4-3	
目前，上海的空巢老人越来越多，他们需要亲情，但他们的子女工作很忙，没时间和老人呆在一起。	4-3	
她一个人住在一个空荡荡的大房子里。	4-3	
张老太太有8个孩子，5个在外地，3个在上海，但都住得很远。去年365天中，她和子女呆在一起的时间只有5天。	4-3	
张老太太最怕生病。每次看病，都要请人帮忙排队挂号，还要四处求人陪她去看病。去年生病住进了医院，整整一个月，她都是一个人在病床上过的。	4-3	
孩子们和父母保持“一碗汤”的距离，意思是子女们虽然与父母分开住，但住得很近，孩子把一碗热汤送到父母家中，汤还没凉。	4-3	
赵校长，马力对您办学校的事很感兴趣，想请您详细介绍介绍。| 好，好，好。欢迎你们光临指导！	4-4	-
您说的那种希望小学有很多人捐款，我这所小学只有我一个人投资。最近几年，我们县来上海打工的人一年比一年多，很多人把孩子也带来了，这些孩子来了以后就不上学了。我觉得孩子不上学将来就没有希望，这对孩子的成长非常不利。于是就办了这所小学。	4-4	
您办这所小学还顺利吗？不太顺利，有不少困难。	4-4	
学生多的是、有好几个班呢。我最大的困难是缺少老师和教室。	4-4	
当然，最大的困难也可以说是缺少资金。我不能给老师更高的工资，也租不起更多的教室。	4-4	
吃晚饭的时候，儿子低着头，有点儿难为情地说：“爸爸，老师让您到学校去一趟”。	4-4	
我小的时候，老师家访是很普通的事，现在想起来还觉得很亲切。	4-4	
老师坐在沙发上，爸爸妈妈坐在旁边，我躲在房间里听他们谈话。	4-4	
现在老师忙，请家长去见个面，已经算是不错了。	4-4	
我猜想肯定是儿子又惹老师生气了。老师有请，不能不去。	4-4	
推开老师办公室的门，看见四个年轻女老师坐着。	4-4	
儿子的老师见我进来，点了点头，也不让座，我只好站着。	4-4	
老师说我儿子上课的时候吃东西，和女同学说话等等。我听了听，没什么特别不好的事，悬着的一颗心总算放了下来，感觉轻松了很多。	4-4	
“你一定要好好儿管管你儿子的那张嘴，还有半年就要考中学了，再这样下去，他肯定考不上好中学。考不上好中学，将来肯定考不上好大学。”	4-4	
我一边听，一边点头。但老师的最后一句话让我觉得很不舒服：“他目前是倒数第三名，后两名的父母都离婚了。”	4-4	
我先说了些感谢老师的话，然后又说：“如果那两个孩子的家长复婚，我儿子肯定是倒数第一名。”老师们听了我的话，都瞪大了眼睛，莫名其妙地看着我，没有说话。	4-4	
他非常详细地了解了那儿的情况。	4-4	
赵校长介绍得很详细。	4-4	
详细（的）情况我也不清楚。	4-4	
我觉得孩子不上学将来就没有希望，这对孩子的成长非常不利。	4-4	
他的决定对我们很不利。	4-4	
有些规则对发达国家有利，但对发展中国家不利。	4-4	
我们一定要想办法改变这种不利的情况。	4-4	
有些规则有利于发达国家，但不利于发展中国家。	4-4	
我觉得你这样做不利于我们更好地进行调查。	4-4	
学生多的是，有好几个班呢。	4-4	
我已经来了好一阵子了。	4-4	
我们班有好多外国留学生。	4-4	
好香啊！是什么菜？	4-4	
我好想你啊，你快点儿回来吧！	4-4	
公司大，资金也多。	4-4	
悬着的一颗心总算放了下来。	4-4	
我们等了半天，小王总算来了。	4-4	
经过一年的学习以后，我们总算能用汉语跟中国人聊天儿了。	4-4	
一连下了好几天的雨，今天总算睛了。	4-4	
她想啊想、最后总算想到了一个好办法。	4-4	
我们俩只是普通朋友。	4-4	
电影明星也是普通人。	4-4	
这样的事儿在我们这儿很普通。	4-4	
目前，我们最重要的任务是学习。	4-4	
直到目前，我还是不明白你为什么要那么做。	4-4	
我不了解他们目前的情况。	4-4	
老师们都莫名其妙地看着我。	4-4	
走着走着，他突然莫名其妙地说：“我一定会死的。”	4-4	
她突然笑了起来，笑得莫名其妙。	4-4	
莫名其妙的事儿还多着呢！	4-4	
大家突然都走了，她感到莫名其妙，不知道是怎么回事儿。	4-4	
你这人怎么回事？真是莫名其妙！	4-4	
校⻓有请，我哪敢不去?	4-4	
有请王老师!	4-4	
他介绍得非常详细。	4-4	
他非常详细地介绍了他自己的情况。	4-4	
欢迎光临!	4-4	
王老师正在指导他们做作业。	4-4	
上课的时候，老师说的全部都是汉语。	4-4	
这些东西我全 (部)都喜欢。	4-4	
这就是小丽捐的款。	4-4	
他给我们捐了很多款。	4-4	
我打算在上海投资。	4-4	
目前，外国人在上海的投资越来越多。	4-4	
他已经从一个什么都不懂的孩子成长为一名非常受学生欢迎的好老师了。	4-4	
在老师和朋友们的帮助下，他已经很快地成⻓起来了。	4-4	
这件事儿对我们很不利。	4-4	
对学习不利的事儿就不要去做。	4-4	
来的时候，路上都很顺利。	4-4	
这件事办得不太顺利。	4-4	
用汉语跟中国人谈话真是太困难了。	4-4	
我忽然发现，用汉语说话原来并不是很困难。	4-4	
缺少机会。缺少时间。缺少朋 友。	4-4	
低头。 低下头来。把头低了下来。	4-4	
我也觉得很难为情。	4-4	
这样做还真有点儿难为情。	4-4	
女儿的老师常常到我家来家访。	4-4	
我们的老师都很亲切。	4-4	
老师亲地对我说:“你汉语说得不错!”	4-4	
我猜想今天的考试一定不会很难。	4-4	
我猜想你一定认识他。	4-4	
别惹他!他可不是好惹的。	4-4	
他身体不好，你们别惹他生气。	4-4	
推门。推开门。把门推开。把我推开。推了我一把。	4-4	
一般来说，点头就是同意。但在保加利亚(Bulgarie)，点头却是不同意。	4-4	
他点了点头，说…	4-4	
快给王奶奶让个座。	4-4	
他已经给你让了座了，你怎么还不坐?	4-4	
听了他的话以后，我的心一直悬着。	4-4	
看着他的表演，我的心都悬到了嗓子眼儿了。	4-4	
等了半天 ，你总算来了。	4-4	
总算没有白学，我终于能用汉语跟中国人聊天儿了。	4-4	
我日前还没有这样的想法。	4-4	
他目前是第一名，不过是倒数的。	4-4	
倒数第二和倒数第一也差不多。	4-4	
瞪着眼睛。眼睛瞪得很大。瞪了我一眼。	4-4	
我也觉得有点儿莫名其妙。	4-4	
他莫名其妙地看着我，什么也没说。	4-4	
捐了很多钱。	4-4	
捐了一大笔钱。	4-4	
捐了1000块钱。	4-4	
对成长不利。不利于成长。	4-4	
对学习有利。有利于学习。	4-4	
是没有资金吗？不，资金多的是。	4-4	
您怎么把桌子搬到外面来了？是这样的，···	4-4	
他的公司很大，资金自然也就很多。	4-4	
小王他们家很有钱。	4-4	
我们这儿有好几个王天明的。	4-4	
哇，你们家可真漂亮。	4-4	
好漂亮的衣服！	4-4	
我们好几年没见面了，你在忙什么？	4-4	
再这样下去，我一定能赚到更多的钱。	4-4	
我以前没来过法国，对这儿的事情不太清楚。	4-4	
高老师说了半天，我们总算明白了。	4-4	
小王对您开饭馆儿的事儿很感兴趣。	4-4	
来美国上大学的人越来越多。	4-4	
肯定是女儿又惹妈妈生气了。	4-4	
上课的时候，小王有点儿难为情地说了一句话。	4-4	
在纽约，像他那样的大老板多的是。	4-4	
我想你这几天肯定又惹爸爸妈妈生气了。	4-4	
他能这么做已经算是很不错了。	4-4	
加拿大华侨张文恩先生从1994年到现在一共为通江县捐款144万元修建希望学校，三合中学。	4-4	
···四位旅加华侨参加了竣工剪彩仪式。	4-4	
在剪彩仪式上，张先生为解决学校贫困学生上学困难捐赠4万元，向学校捐赠绿化款10万元。	4-4	
考上大学专科以上的学生，每人给奖学金1万元。	4-4	
考上研究生和出国留学的学生，所需费用由他全部解决。	4-4	
先生，这是您的电话号码。明天我们会派人给您家装电活。	4-5	-
你看，5-1-4，我要死，中了这个“彩”，我也太不吉利了。	4-5	
对不起，我们这是电脑排号，不能随便更改。	4-5	
真抱歉，518还没到呢！	4-5	
你这个人怎么这么迷信。	4-5	
我有一个朋友，上次买了张彩票，号码是511888，他说一定会中大奖、发大财，结果怎么样？什么奖也没中。	4-5	
我看你拉倒吧，什么发不发的。	4-5	
根据不完全统计，从1987年到现在，中国已经发行了1000多亿元人民币彩票。对于月收入一般在2000元左右的上海人来说，500万大奖可以说是一个天文数字。	4-5	
您是否买过彩票？是否也曾经梦想过自己会中头彩？	4-5	
假若您中了500万大奖，您会怎么花？	4-5	
《新民周刊》对这些问题做了一次调查。	4-5	
大部分上海人都曾买过彩票，从来不买的人只有极少数。	4-5	
买彩票时有没有想过中奖？回答是当然想过，不想中奖买彩票干什么？	4-5	
中奖是每个人的愿望，但能中奖的毕竟是少数人。	4-5	
根据调查，四分之一的人从来没有中过奖，多数人只中过最小的奖。	4-5	
在2984名被调查者中，没有一个人中过500万的大奖。	4-5	
如果中了500万元，您最想干的是什么？《新民周刊》提供了出国旅游、购车或者买房、开公司创业等6个选择。	4-5	
不管是男人还是女人，大多数人最想干的事情都是购车或者买房。	4-5	
选择最想开公司创业的男性差不多有三成，女性只有一成多一点儿；有两成多的女性选择出国旅游，男性却不到一成。看来，女性比男性更希望看看外面的世界。	4-5	
500万元大奖是否一定意味着幸福呢？	4-5	
只有少数被调查者给了肯定的回答，大多数人都认为不一定；还有一些人认为大奖不但不能带来幸福，反而还会带来很多麻烦。	4-5	
虽然如此，他们还是希望自己的“白日梦" 能够实现。	4-5	
不想喝水你拿杯子干什么？	4-5	
不想看篮球我开电视干什么？	4-5	
不想游泳我买游泳衣干什么？	4-5	
他们不但不帮助我，反而给我出了很多难题。	4-5	
汽车不但没停，反而跑得更快了。	4-5	
打了三枪，一枪也没打中。	4-5	
我们最后选中了大卫来当我们的班长。	4-5	
猜了好几次，终于让我猜中了。	4-5	
他们已经更改了公司的地址和名称。	4-5	
生日怎么能随便更改呢？	4-5	
公共汽车随便更改路线会给旅客带来很多麻烦。	4-5	
我们完全同意你的想法。	4-5	
这样的结果我可完全没有想到。	4-5	
一个星期以后，小王的病完全好了。	4-5	
是否也曾经梦想过自己会中头彩？	4-5	
我几年前曾经来过这儿。	4-5	
我曾经为他花了很多钱。	4-5	
她也曾经漂亮过，但那是很多年以前了。(现在不漂亮了)	4-5	
刚结婚的时候，他曾经幸福了几天。(后来就不幸福了)	4-5	
我姐姐是《华侨日报》的记者。	4-5	
强者越来越强，弱者越来越弱。你认为这样好吗？	4-5	
他毕竟还小，你就别骂他了。	4-5	
不管怎么说，毕竟他还是爱你的。	4-5	
别怪他了，毕竟他的眼睛不太好。	4-5	
我们班的同学大多数都是中国人，外国人还不到一成。	4-5	
学会了这个词，意味着你的汉语水平又提高了。	4-5	
科学的发展意味着人类的进步。	4-5	
吃得少并不意味着我不喜欢吃。	4-5	
把4换成8。	4-5	
怎么办我不管，反正我不吃这个菜。	4-5	
不喜欢也不能扔掉。	4-5	
不高兴也不能骂人。	4-5	
不想学习来学校干什么？	4-5	
您是否去过北京？	4-5	
希望越大，失望也越大。	4-5	
我现在最大的愿望就是能和爸爸妈妈一起去中国旅游。	4-5	
他们已经走了，我到哪儿去找？	4-5	
我以前曾经去过北京。	4-5	
我记不清是否以前跟他见过面。	4-5	
小王曾经不喜欢吃中国饭，但现在却天天吃。	4-5	
能去中国留学的人毕竟不是很多。	4-5	
一个月以后，他妈妈的病完全好了。	4-5	
做人也不能太聪明太聪明反而会对自己不利。	4-5	
这台空调今天下午我们会派人给您送去。	4-5	
你这个人事儿怎么这么多。	4-5	
反正我不喜欢这件衣服。	4-5	
你是否曾经梦想过自己成为明星？	4-5	
假若中了大奖，您最想干什么？	4-5	
我觉得钱多不但不会带来幸福，反而会有很多麻烦。	4-5	
不想学汉语我来中国干什么？	4-5	
生活中，我们总是认为有些号码吉利，有些号码不吉利或者不太吉利。	4-5	
比如，我们常常认为“3”就意味着“散”(分开)，“4”则意味着“死”，“7”就是“生气”。	4-5	
所以，我们常常不喜欢这些数字。但是如果我们把“散”，“死”，“生气”等换成另外一些字的话，也许你就会喜欢上他们了。	4-5	
最近，在上海流行这样的说法：“3”意味着“升”，“4”意味着“事事顺利”，“7”则是“齐心协力”。	4-5	
于是，这些以前人们不喜欢的号码一下子流行了起来。	4-5	
当然，以前人们喜欢的6(顺利)和8(发)，还和以前一样，还是人们选择的对象。	4-5	
咱们把结婚的日子定在5月4号怎么样？5月4号，“五四”，“我死”，不好。	4-5	
最近，很多彩票都开出了百万元的大奖，“我中了五百万会怎样？”	4-5	
我肯定不会快乐！这是我想了很久以后得出的结论。	4-5	
我先得考虑我的承受能力。因为我一直很穷，面对这么一大笔钱，我的心跳不知道每分钟要跳几百次。如果跳得太快，把我给“跳”死了，那五百万对我来说，又有什么用呢？	4-5	
有了那么多钱那我也不安心：怕小偷来偷，怕坏人来抢。本来只要一躺下就能睡着，结果弄得夜夜睡不着。	4-5	
(钱) 亲戚朋友都来借，又带来许多不愉快。	4-5	
这么多钱怎么用，太太的想法要是跟我不一样，那就会吵架。	4-5	
假若用来吃喝玩乐吧，早晚得坐吃山空，说不定还会养成不少坏习惯。	4-5	
没有钱的时候，会有许多愿望，会去努力奋斗，从中得到许多乐趣。中奖了，许多愿望一下子实现了，就没有了努力和奋斗的目标，整天什么事也不做，那是比什么都可怕的事情。	4-5	
公司派我去中国工作。	4-5	
我们会派人去帮助你。	4-5	
以前，中国人认为结婚的时候穿白色的衣服是很不吉利的。	4-5	
8 是个吉利的数字。	4-5	
已经定下来的事儿就不要随便更改。	4-5	
想发财都想得快要发疯了。	4-5	
很抱歉，我又来晚了。	4-5	
我儿子老是惹您生气，真是抱歉得很!	4-5	
不要太迷信老师，因为老师也是人，也会弄错。	4-5	
小王的妈妈很迷信的。	4-5	
不来拉倒，谁还求你。	4-5	
拉倒吧你，别在这儿丢人了。	4-5	
他对天文现象很感兴趣。	4-5	
500万对我来说可是一个天文数字。	4-5	
我不知道你以前是否学过汉语。	4-5	
我曾经学过一年汉语。但现在都已经忘了。	4-5	
我一直梦想着自己会成为一个名人。	4-5	
多年的梦想终于实现了。	4-5	
中了头彩并不总是好事儿。	4-5	
这个地方的人大部分都是从中国来的	4-5	
我最大的愿望就是能去中国留学。	4-5	
我的愿望终于实现了。	4-5	
孩子毕竟是孩子，哭了一会儿，就把事情忘了。	4-5	
他毕竞学过 一年汉语，虽然忘了不少，但是说几句日常用语是没有问题的。	4-5	
如果学校不提供吃的、住的，那我们怎么办?	4-5	
我们一定会为您提供最好的服务。	4-5	
去北京可能有很多好处，但是，即使如此，我也不会去北京。	4-5	
你怎么能如此考虑问题呢?	4-5	
他是如此聪明，怎么会解决不了这个问题？	4-5	
我们每个人都能够按照老师的要求去办。	4-5	
我觉得这个工作还是能够做好的。	4-5	
谁不想早日实现自己的梦想呢?	4-5	
不上课也不能玩儿呀。	4-5	
王老师住得最远、反而是第一个来到学校的。	4-5	
他的病不仅没好，反而比以前更重了。	4-5	
吃了药，病反倒比以前更重了。	4-5	
假如大家都不同意，老师也没办法。	4-5	
假如您不喜欢，那我就不买了。	4-5	
21世纪的第一天，北京时间22点，中国上海东方明珠广播电视塔和加拿大多伦多国家电视塔，通过国际卫星，进行了一次一个多小时的“新世纪对话”。	4-6	-
上海和多伦多有13个小时的时差，这时，一个是夜晚，一个是凌晨。	4-6	
东方明珠塔是上海市的标志性建筑，高468米，是亚洲第一高塔。从1994年建成到现在，她一共接待了1300多万国内外旅游者。世界上175位国家元首先后登上了东方明珠电视塔。	4-6	
多伦多电视塔高553.3米，是世界第一高塔，也是多伦多市的标志性建筑，1976年6月26日正式对外开放，每年接待的旅游者不下200万。	4-6	
双塔对话开始了，在多伦多电视塔，中国人民非常熟悉的加拿大笑星大山用英语和汉语向两国两地的人民问好；在上海的东方明珠塔，东方电视台的著名节目主持人袁鸣也用汉语和英语向两国两地的人民表示了祝福。	4-6	
接着，两个高塔的总经理通过卫星互相问好，他们高兴地说：“虽然我们两个塔离得很远，但是，我们都是‘地球村’的村民。”他们宣布，在新世纪的第一天，两座高塔正式成为“友好塔”。	4-6	
不管是在上海还是在多伦多，两座塔里面的气氛都非常热烈。	4-6	
上海和多伦多的两位世纪老人谈起了两个国家一百多年来的不同经历。	4-6	
复旦大学和多伦多大学的学生们谈起了新世纪的美好明天。	4-6	
一位上海老人讲起了白求恩大夫挽救他生命的故事。	4-6	
一位加拿大女士告诉人们她为什么在上海生活了48年，为什么把上海当做自己的第二个家乡。	4-6	
最后，大家一起祝愿两国人民：明天生活更美好！	4-6	
一双手。一双鞋。几双袜子。两双筷子。一双大大的眼睛。	4-6	
队伍慢慢地从主席台前通过。	4-6	
汽车要通过一片沙漠才能到达那儿。	4-6	
那天的大会只通过了一项决议。	4-6	
我提出的方案已经通过了。	4-6	
我们要通过听和说来提高自己的汉语水平。	4-6	
通过看电影，我学到了许多书本上学不到的东西。	4-6	
天性。药性。科学性。技术性。时间性。实用性。	4-6	
历史性事件。流行性感冒。	4-6	
我找了你不下10次，可每次你都不在家。	4-6	
我们学校的留学生不下千人。	4-6	
他妹妹既是一位著名的歌星，又是一位著名的影星。	4-6	
小王是我们学校的一颗新星。	4-6	
这件事在中国引起了热烈的讨论。	4-6	
会上的讨论非常热烈。	4-6	
大家讨论得很热烈。	4-6	
热烈欢迎您的到来。	4-6	
我已经说完了，你接着说吧。	4-6	
小王走了，你接着做下去吧。	4-6	
小王刚刚离开，接着，小李也走了。	4-6	
我们只是练习，不是正式比赛。	4-6	
中美双方的正式会谈是再非常友好的气氛中进行的。	4-6	
他不是我们学校的正式学生。	4-6	
很多人都说，21世纪将是中国的世纪，你相信吗?	4-6	
春天的夜晚还是很冷的。	4-6	
夏天的夜晚，我和朋友们一起去喝咖啡。	4-6	
他凌晨4点就起床了。	4-6	
他一直工作到第二天的凌晨。	4-6	
过了18岁的生日，就标志着你已经⻓大成人了。	4-6	
18岁生日，可以说是⻓大成人的标志。	4-6	
上海外滩的许多建筑都是20世纪初欧洲人建造的。	4-6	
不能把自己的幸福建筑在别人的痛苦之上。	4-6	
上海外滩的许多建筑都是20世纪初建成的。	4-6	
我们一定要把学校建成世界著名的大学。	4-6	
接待朋友。接待客人。接待游客。热情接待。	4-6	
这个地方我先后来过三次。	4-6	
我曾经先后三次去北京学汉语。	4-6	
对你们的帮助表示感谢。	4-6	
不说话就表示不同意。	4-6	
在有些国家，点头表示同意;而在另一些国家，点头却表示不同意。	4-6	
每个人都要说一句祝福的话。	4-6	
请接受我的祝福。	4-6	
祝福你!	4-6	
请王老师宣布比赛的结果。	4-6	
现在我宣布:比赛正式开始。	4-6	
刚一见面，我们就成为好朋友了。	4-6	
我也希望自己能成为一个名人。	4-6	
友好关系。气氛友好。态度友好。	4-6	
气氛热烈。	4-6	
我上一次来美国的时候，经历了很多有意思的事儿。	4-6	
 这真是一次非常特别的经历。	4-6	
大家一定要想办法挽救他。	4-6	
张大夫一生中挽救了很多人的生命。	4-6	
祝愿大家身体健康，万事如意!	4-6	
最后，请接受我对您的美好祝愿。	4-6	
通过电子邮件聊天儿。	4-6	
我们对张先生的到来，表示最热烈的欢迎！	4-6	
中国人很热情，不管你走到哪儿，他们都会热情地招待你们。	4-6	
对于这个问题，同学们讨论得非常热烈。	4-6	
许多国际知名的影星都先后来过上海。	4-6	
我们已经做完一部分了，你接着做吧！	4-6	
我给你打电话打了不下十次，都没人接。	4-6	
从今天起，你们就正式成为东方大学的学生了。	4-6	
让我们一起为他祝福，祝愿他早日学成回国！	4-6	
他们通过国际卫星，进行了一次一个多小时的世纪对话。	4-6	
悉尼歌剧院是悉尼的标志性建筑。	4-6	
两国元首通过电话互相问好，并祝福两国人民生活幸福。	4-6	
大学生们谈起了新世纪美好明天。	4-6	
中美双方的会谈是在非常友好的气氛中进行的。	4-6	
不管是丈夫还是妻子都觉得要孩子是件很麻烦的事。	4-6	
不管是离婚还是分居对孩子都没什么好处。	4-6	
尤其是两个城市的电视塔，更可以说是两个城市的标志。	4-6	
如果你登上东方明珠广播电视塔，你就可以看到整个上海的风景，尤其是夜晚，黄浦江的夜景真是漂亮极了！	4-6	
可惜的是，我在多伦多的呆的时间很短，没来得及登电视塔，所以不知道在塔上的感觉会是怎样。	4-6	
虽然我们离得很远，但是，我们常常能通过电话聊天儿。	4-6	
对面来了两个人，一个是男的，一个是女的。	4-6	
他是个很有名的歌星，我们都很熟悉他。	4-6	
在这儿上大学，每年花掉的钱不下十万。	4-6	
“上海——巴黎2001的跨越”系列活动之一——上海东方明珠塔和巴黎艾菲尔铁塔友好交往活动，今天在这里的埃菲尔铁塔举行。	4-6	
巴黎埃菲尔铁塔有100多年的历史，是法国浪漫文化的象征，每年登塔的来自世界各地的旅游者居世界高塔之首。	4-6	
东方明珠塔是上海市的象征，它与旁边的现代化建筑群，黄浦江对岸的万国建筑群交相辉映，其旅游收入居世界高塔之首。	4-6	
双塔间的友好交往活动在艾菲尔大厅内举行，“东方明珠”艺术图片展引起了很多人的兴趣。	4-6	
埃菲尔塔总经理和东方明珠塔总经理互相赠送了纪念品。	4-6	
你不是和你的白雪公主约会去了吗？怎么这么早就回来了？	4-7	-
别提了，什么白雪公主？网上的人根本就不能相信！	4-7	
是不是长得不够漂亮？| 如果只是长得不够漂亮，那倒没什么。我也不是什么白马王子。可你们猜猜，跟我见面的白雪公主是谁？	4-7	
得了，你就别卖关子了，我们哪儿猜得出来？	4-7	
马力自然猜不出来，可是，你高一飞应该能猜得出来。她呀，就是咱们大学时候的同学，最难看的那个丑小鸭！	4-7	
我早就跟你说过，网恋虽然浪漫，但是不能相信。因为你不和别人说真话，别人当然也不会跟你说真话。	4-7	
就是。网恋是一种游戏，最大的规则是不能见面。你看我，我的Mary好几次要求和我见面，我都没同意。	4-7	
哎呀，不早了，我得去上网，跟我的那位商量结婚的事儿了。	4-7	
我太祖母今年98岁，上网已经有两年多了。	4-7	
我没有调查过，不知道太祖母是不是世界上年纪最大的网民，但我知道像她这么大年纪的网虫肯定不多。	4-7	
我上网时太祖母就抱着我家的小猫在旁边看着。	4-7	
有一天，太祖母突然对我说：“你教我上网吧。”我大吃一惊，但是马上被她的话感动了。	4-7	
于是我就告诉太祖母怎么上网，还经常把上网的机会主动地让给她。	4-7	
她学得很认真，也很刻苦，不到两个月的时间，太祖母就能熟练地上网了。	4-7	
太祖母经常去的网站是戏剧大观，那里有最著名的京剧唱段，想听什么就听什么。	4-7	
太祖母是个京剧迷，发现这个网站以后，就经常泡在里面，一边听，一边唱。	4-7	
看过我上网聊天儿以后、太祖母的网络生活就不仅仅局限在听戏了。	4-7	
一天晚上，我回房间拿东西，发现太祖母正在很投入地和一位叫“老槐树”的网虫聊天儿。见我进来，太祖母显得很慌张。	4-7	
我终于忍不住了，就问她：“太祖母，您和‘老槐树’的关系发展得怎么样了？”没想到太祖母很坦率地说：“很好啊。	4-7	
”我又问：“那什么时候吃您的喜糖呀？”太祖母莫名其妙地看着我，说：“你想到哪儿去了！‘老槐树’是个86岁的老太太，我们都没了老伴儿，孤独的时候就上网聊聊，这生活才有意思…”	4-7	
我们都应该热爱大自然，保护大自然。	4-7	
自然界的一切都是那么美好！	4-7	
在撒谎的时候他的表情也很自然。	4-7	
虽然这只是第一次，但是她表演得很自然。	4-7	
只要努力学习，自然会取得好成绩。	4-7	
别问了，明天你自然会明白的。	4-7	
他的女朋友长得很难看，但性格很温柔。	4-7	
这么难看的衣服，我才不要呢！	4-7	
你是不是病了，脸色这么难看？	4-7	
瞧，咱们经理的脸色多难看，肯定又生气了。	4-7	
他说着说着，突然停了下来。	4-7	
这一突然事件让他的生活跟以前不一样了。	4-7	
这件事儿确实太突然了。	4-7	
事情发生得太突然了，我们一点儿准备都没有。	4-7	
水把我的手都泡白了。	4-7	
我的朋友们都很喜欢泡酒吧。	4-7	
一个小时以后，他终于来了。	4-7	
在中国学了两年以后，他终于能说一口流利的汉语了。	4-7	
他说起话来没完没了，我终于忍不住了。	4-7	
让我来猜一猜。	4-7	
你来猜猜看。	4-7	
你们都猜不到，只有小王能猜得到。	4-7	
得了，你就别再骂他了。	4-7	
我们一起去得了，不然，你还得再跑一趟。	4-7	
行了，你别卖关子了，快告诉我们结果吧，我们都急死了。	4-7	
他这个人不管什么事儿，总是喜欢卖关子。	4-7	
我真不知道他哪一句话是真的。	4-7	
这个故事是根据真人真事改写的。	4-7	
有时玩玩儿游戏是可以的，但一定不能游戏人生。	4-7	
电脑游戏的确很好玩儿。	4-7	
通过游戏来学习汉语，这可真是个好办法。	4-7	
游戏规则。语法规则。校园规则。篮球规则。比赛规则	4-7	
关于这件事儿，我们得好好儿商量商量。	4-7	
我们应该商量一下如何准备明天的考试。	4-7	
我们的婚礼是在⻜机上举行的。	4-7	
他双手抱着头，突然哭了起来。	4-7	
让我觉得奇怪的是，他经常抱着一条小狗散步。	4-7	
他突然站在我的面前，让我大吃一京。	4-7	
我终于得到了一个中国留学的机会。	4-7	
机会这么好，我一定要把它抓住。	4-7	
在⻋上，他总是主动地给老人让座。	4-7	
他们俩很有意思，女的很主动，男的却不怎么主动。	4-7	
刻苦学习。	4-7	
小张用电脑用得很熟练。	4-7	
太祖母能很熟练地找到自己想去的网站。	4-7	
用电脑不能只局限在玩游戏上。	4-7	
他读的书不多，所以想法有一定的局限性。	4-7	
那个女演员表演得很投入。	4-7	
他看书看得很投入。	4-7	
他总是慌慌张张的，不知道在干什么?	4-7	
不知为什么他一⻅到老板就会显得很慌张。	4-7	
我终于听懂了他说的话。	4-7	
目前，中国经济是世界上发展最快的。	4-7	
他们俩的关系发展得很顺利。	4-7	
我们是朋友，说话比较坦率。	4-7	
坦率地说，我并不喜欢学习汉语。	4-7	
一个人呆在外国，语言不懂，又没什么朋友，当然觉得孤独了。	4-7	
越来越多的子女不跟父母住在 一起，孤独的老人当然也就越来越多了。	4-7	
你们猜一猜，天天泡在网吧理的是谁？得了，你就别卖关子了。	4-7	
我躲在他的后面，他当然看不见我。	4-7	
小王突然从教室里跑了出来，让我大吃一惊。	4-7	
他说那句话的时候，样子有点儿不太自然。	4-7	
他才学了不到一星期，就能熟练的上网了。	4-7	
他就住在我们家的旁边，我对他当然很熟悉了。	4-7	
我已经读了二十多遍了，当让读得很熟练了。	4-7	
我们猜呀猜，猜了好长时间，终于让我们给猜出来了。	4-7	
如果只是颜色不太好，那倒也没什么。	4-7	
奶奶是个京剧迷，发现这个网站以后，就经常泡在里面。	4-7	
我得去跟老师商量考试的事儿了。	4-7	
我发现她正很投入地和一位叫明子的人聊天。	4-7	
我进去的时候，她显得很慌张。	4-7	
网恋是一种游戏，别太迷恋了行不行？	4-7	
有些年轻人还很喜欢在网上谈恋爱。	4-7	
我的女朋友丽丽就是我的网上恋人，她和我梦中的白雪公主完全一样：不但长得很漂亮，而且性格也非常温柔。	4-7	
我们已经商量好了，下个星期天晚上8点，我们在网上举行婚礼，欢迎你来参加！	4-7	
如果只是不够温柔，那倒没什么？	4-7	
我经常把赚钱的机会让给他。	4-7	
不怪你怪谁？儿子搞上了什么网恋，还说要在网上搞什么婚礼。你却整天像没事儿一样。	4-7	
网络，一个新的世界，人人都为它的到来而欢呼。	4-7	
网恋却成为了比网络还要时髦的东西。	4-7	
是否每个人都要在这虚幻的世界里创造出一份虚幻的感情呢？	4-7	
有人说，网恋是某些人为了满足自己的某些欲望而产生的，他们把自己的某些能力变成语言能力表现出来，是自己得到满足。	4-7	
马力和李小雨是一对刚结婚不久的小夫妻，晚饭后，马力很自然地坐在了沙发上，拿起了电视机的遥控器，打开了体育频道。李小雨不满地看了他一眼。	4-8	-
事情都干完了吗？又看电视。| 还有什么事儿？| 锅呢？碗呢？筷子呢？你今天还不洗？	4-8	
哎呀，老婆，不就洗洗什么锅碗瓢盆嘛，你就洗洗呗。	4-8	
不行，我们说好的，我做饭你洗碗，你做饭我洗碗。	4-8	
我不管你是什么意思，别废话了，洗碗去吧。	4-8	
可是，在我们法国… | 在法国怎么样？法国人就不吃饭？不洗碗？	4-8	
一边说着话，一边坐在了沙发上，把电视换到了生活频道	4-8	
哎呀，你看看你，手也不擦，湿漉漉地就跑出来了。	4-8	
怎么啦，我怎么不能穿？你不是说我穿什么衣服都好看吗？ | （低低地）你洗碗的样子更好看。	4-8	
在传统的社会中，女人的地位一直比男人低。做女人难还是做男人难，也许是一个老生常谈的话题，却又是一个不得不谈的话题。	4-8	
很多人都说做男人难。因为不管是传统社会还是现代社会，男人都要面対来自社会、家庭和工作的巨大压力。	4-8	
“男主外，女主内”的观念在以男人为中心的中国尤其突出。	4-8	
男人从小就不自觉地充当起这个“顶梁柱”的角色，一生都生活在一种巨大的责任之中。	4-8	
作为一个男人，出门在外，他必须负起他的社会责任；下班回家，就要当一个好儿子、好丈夫、好父亲，没有可以放松的时候，天天都承受着巨大的压力。	4-8	
除了这些以外，男人还要承受来自女人的压力。随着时代的发展和变化，中国的女性也从传统中走了出来。	4-8	
她们可以和男人干同样的工作，面对同样的社会竞争。女性的崛起让男性不得不做得比她们更多、更好。女人越成功，男人的压力也就越大，做男人也就越难。	4-8	
当然，也有很多人认为做女人更难。因为，女人不但要干好工作，还要当好贤妻良母。现代女人必须承担家庭的负担，而且还要像男人一样，感受自己工作中的酸甜苦辣。	4-8	
走进社会的中国女人在社会工作中承担的压力跟男人是一样的，也许比男人更多，女人常常要做出更多的努力才能得到和男人一样的机会。女人比男人生活得更累，做女人更难。	4-8	
小王两手湿漉漉地跑出来。	4-8	
下雨了，到处都是湿漉漉的，真难受！	4-8	
面对着这么多的困难，我们一定要更加努力地工作。	4-8	
同学们面对大山高声地喊：我们来了。	4-8	
飞机自上海到北京大约需要一个半小时。	4-8	
我国政府自今年起更改了移民政策。	4-8	
这篇文章译自《读者文摘》。	4-8	
这封信寄自美国。	4-8	
同学们很自觉，老师在和不在都一样。	4-8	
这孩子很自觉，从来就不用爸爸妈妈管。	4-8	
每个人都应该自觉地遵守社会公德。	4-8	
要想取得好成绩，就必须努力学习。	4-8	
明天的晚会你必须参加。	4-8	
出国旅行，护照和签证是必须带好的。	4-8	
随着年龄的增长，她显得越来越漂亮了。	4-8	
随着交流的增多，我们越来越互相了解了。	4-8	
他靠打工来负担自己的学费。	4-8	
这么多工作由他一个人来负担，真是难为他了。	4-8	
他的思想负担很重。	4-8	
他退休以后每天在家做做饭，洗洗衣服	4-8	
送个老师很好，上课的时候几乎没有什么废话。	4-8	
别废话 / 少废话。	4-8	
外面刚下过雨，地上还是湿漉漉的。	4-8	
他穿着一件湿漉漉的衣服就跑了出来。	4-8	
擦手。擦黑板。擦桌子。	4-8	
每个人在社会上的地位都是不一样的。	4-8	
在家里，你觉得爸爸和妈妈谁的地位更高一些?	4-8	
网恋已经不再新鲜，成了老生常谈了。	4-8	
这可不是什么老生常谈的话题，大家都还没听说呢。	4-8	
面对困难。面对问题。敢于面对。能够面对。	4-8	
新观念。老观念。	4-8	
现在很多家庭都是以孩子为中心。	4-8	
目前在很多国家以汉语为第一外语的人越来越多。	4-8	
她的工作在我们这些人中非常突出。	4-8	
他为学校做出了突出的贡献。	4-8	
不管做什么事，他都十分自觉。	4-8	
许多男人回家以后总是很自觉地做家务活儿。	4-8	
怎么能拿坏的来充当好的呢?	4-8	
你在这件事里充当了什么样的角色?	4-8	
这部电影里面的角色很多。	4-8	
你希望自己在社会中能充当什么样的角色?	4-8	
每个人都有自己的责任。	4-8	
要想学好汉语，你就必须努力。	4-8	
这个工作我们今天必须完成。	4-8	
放松点儿，别紧张!	4-8	
目前，竞争都很厉害，学习、工作都不能放松。	4-8	
承受圧力。承受考验。 承受得了。承受不了。	4-8	
难以承受。	4-8	
随着时代的发展。随着时代的进步。	4-8	
随着时间的推移。	4-8	
随着岁月的流逝。随着汉语水平的提高。	4-8	
同样的工作。同样的衣服。...... 是同样的。	4-8	
中国在落后了几百年以后，现在终于又开始崛起了。	4-8	
女性的崛起让很多男人觉得有些失落。	4-8	
你真可以称得上是一位贤妻良母了。	4-8	
承担责任。承担任务。承担工作。	4-8	
每个人在工作和学习中都会遇到各种酸甜苦辣。	4-8	
衣服难道不是我洗的？	4-8	
活动难道不是我安排的？	4-8	
我们都是学生，自然应该努力学习。	4-8	
这孩子一点儿也不自觉，老是要爸爸妈妈管着。	4-8	
明天就要考试了，我现在必须好好儿地复习一下。	4-8	
别再问了，我真的是什么感受也没有。	4-8	
随着年龄的增长，我对父母的理解也越来越多了。	4-8	
不管是男人还是女人，家庭生活都应该是非常重要的。	4-8	
我一定要找到他，因为只有他才能帮助我。	4-8	
只要认真去做，自然能够做好。	4-8	
我喜欢的人，他必须听我的话。	4-8	
随着我的汉语水平的提高，我越来越喜欢中国了。	4-8	
很多人都说汉语很难，那是因为他们都不懂汉语。	4-8	
在很多家庭里，孩子是最重要的，一孩子为中心的家庭越来越多。	4-8	
我们常常觉得在工作中男人比女人强，而在生活上女人比男人强，但事实却不总是这样。	4-8	
人们都说中国是以男人为中心的国家，其实，很多国家都是一样。	4-8	
男人承受的压力比女人要多得多。	4-8	
他终于不再伤心，从困难走了出来。	4-8	
作为一个老师，我有责任帮助你考上好的大学。	4-8	
一般来说，我们总是认为男人比女人更强，可是，英国医生多年研究发现，男人受到的意外伤害要比女人多得多，发育不良的男孩也比女孩多2到3倍，而且，男人比女人更容易疲劳，更容易产生自杀的想法。	4-8	
在工作中，男人比女人强，我们常常这样想，但事实却是—男人不能像女人那样同时做好几件事。试验表明，女人在一定的时间里，可以洗完碗、泡完咖啡、煎完鸡蛋等，男人却只能完成其中的一项工作。	4-8	
当然，男人比女人强的地方也很多。比如，男人的方向感比女人要强得多，美国一位大学教授的试验证明了这一点。	4-8	
还有，男人的性欲也比女人强。人的下丘脑分管性欲和性行为，男人的下丘脑是女人的2.5倍，“性欲中心”也比女人大一倍。但奇怪的是，调查表明，抱怨丈夫性欲太强的女人日益减少，对丈夫性能力表示不满的女人却日益增多。	4-8	
在妇产科医院的走廊上，两位中年孕妇周思丽和吴晓文相遇了。	4-9	-
我是吴晓文啊。你忘了，上次在“星吧”的聚会了上…	4-9	
哦，想起来了，你就是大名鼎鼎的“丁克族长”吴晓文啊、怎么，你也回心转意了？| 嗨，没法子啊！	4-9	
老公倒没什么，老爸老妈实在难对付。| 这话怎么说？	4-9	
你不知道，我的老爸老妈，还有他的老爸老妈，轮流到我家来。	4-9	
我和老公的耳朵都快要磨出茧子来了。	4-9	
可不是、他们这个说谁谁的孙子孙女怎么怎么样。那个说谁谁的外孙外孙女怎么怎么样、搞得我和老公都不敢回家。	4-9	
为了能清静一点儿，安安心心地过日子，我们只好给他们生一个。	4-9	
这一下，老爷子老太太该高兴了吧！| 可不是。你看我现在胖得…	4-9	
我们倒是没老爷子老太太烦，我们两家的四位老人都已经不在了。	4-9	
我们家太清静了，整天冷冷清清的，真受不了。生个孩子就可以热闹起来了。	4-9	
坚持“二人世界”多年的女画家小周，最近突然回心转意，悄悄地告诉我说想要生一个孩子。	4-9	
听了以后，我感到非常吃惊。小周已经40多岁，结婚也已经十几年了，一直不想生孩子，怎么突然改变主意了呢？	4-9	
另一位喜欢画画儿的李先生也是比较早的丁克族，可是在他50岁、太太39岁的时候，还是忍不住寂寞，终于走进了三口之家的行列。	4-9	
这是一个非常有趣的现象：一方面，选择“丁克”生活方式的人越来越多；但是另一方面，能坚持到最后的却很少。	4-9	
为什么会这样呢？原因是多方面的，除了来自社会的一些压力以外，最主要的还是来自他们自己的情感需要。	4-9	
有些结婚多年的丁克族，由于两个人在一起的时间太长，“二人世界”变得越来越无聊，乏味，再想起当年“丁克”的决定，感觉就好像是上一个世纪的事儿，于是他们自然而然地做出了新的选择，重新回到了三口之家的普通世界。	4-9	
有些丁克族的转变，常常是因为女主人的观念突然转变了。	4-9	
沈小姐早就准备“丁克”一生，但是，在她结婚第七年的时候，有一次，她在电视上看到一种生活在澳大利亚森林里的小动物，它们在树上痛苦地分娩。	4-9	
分娩虽然痛苦，但是，孩子带来的那种幸福、那种天伦之乐、那种深深的母爱感动了她。	4-9	
沈小姐终于明白了爱就是付出，于是，她就结束了自己的丁克生活。	4-9	
他已经认识到自己对妻子的态度不对，开始回心转意了，你们就别再埋怨他了。	4-9	
他死也不肯回心转意，我有什么办法呢？	4-9	
对付几个小孩子应该没问题。	4-9	
学了几个月的汉语，对付看信应该没什么问题了。	4-9	
我的汉语虽然不太好，但也能对付了。	4-9	
衣服虽然有点儿旧，但也能对付着穿。	4-9	
别烦我，我要睡觉了。	4-9	
我最近有点儿烦。	4-9	
你已经说了十几遍了，我都听烦了。	4-9	
长时间的交往以后，他对她的态度终于有了转变。	4-9	
她的转变是在不知不觉中发生的。	4-9	
文学家。音乐家。数学家。书法家。	4-9	
作家/画家/教育家/旅行家/歌唱家/专家/行家	4-9	
由于大家都很努力，加上老师教得也非常好，因此，同学们的汉语水平提高得很快。	4-9	
由于对这个问题的看法不同，他们吵了起来。	4-9	
你说得这么好，完全是由于平时多说多练的结果。	4-9	
由于这个原因，我在纽约住了三年。	4-9	
他们俩整天呆在一起，自然而然地产生了深厚的感情。	4-9	
在北京生活的时间长了，自然而然地也就会说几句北京话了。	4-9	
我觉得这是自然而然的事儿，有什么好奇怪的？	4-9	
结束了对美国的访问，他们又来到了加拿大。	4-9	
结束这条小狗的生命是很容易的，但却是不对的，你说呢？	4-9	
学期快要结束了，你准备去哪儿玩儿？	4-9	
我们俩的关系已经结束了，你还来找我干什么？	4-9	
酒吧。网吧。书吧。咖啡吧。音乐吧。吧台。	4-9	
在一次聚会上认识了他。	4-9	
你就是那个大名鼎鼎的球星啊。	4-9	
他一定要去，我有什么法子呢?	4-9	
我是一点儿法子也没有了。	4-9	
他们俩轮流来劝我，我还怎么清静得了?	4-9	
我们几个人轮流做，应该很快就能做完。	4-9	
等真的清静了，你又会觉得寂実了。	4-9	
他还这么小 ，让他一个人独立生活，我怎么能安心呢？	4-9	
你还是安安心心地去吧，这儿有我呢。	4-9	
有你跟他一起去，我就觉得安心多了。	4-9	
你整天就知道看书，別的什么也不管。	4-9	
他在小王家玩儿了一整天。	4-9	
家里整天冷冷清清的，真是无聊极了!	4-9	
那儿太冷清了，连个人影也见不着。	4-9	
悄悄地说。悄悄地走。悄悄地去。悄悄话(私下里说)。	4-9	
静悄悄地来到我身边。	4-9	
四周静悄悄的，一点儿声音也没有。	4-9	
我们聚会的时间改变了。	4-9	
来到中国以后，他整个人都改变了。	4-9	
整天一个人呆在家里，的确会很寂寞。	4-9	
寂寞无聊的时候，上上网，聊聊天儿，还是不错的。	4-9	
欢迎你加入到我们的行列里来。	4-9	
这是一种不太常⻅的现象。	4-9	
这个现象很有意思。	4-9	
另一个。另一位。另一种。另一方面。	4-9	
我真的很想了解一下他们俩的情感世界。	4-9	
整天什么事儿也不干，你不觉得无聊吗?	4-9	
那个电影很无聊，一点儿意思也没有。	4-9	
他说的话没什么内容，乏味得很。	4-9	
两个人在一起，整天你看看我，我看看你，你不觉得乏味吗?	4-9	
这个题错了，请你重新做一遍。	4-9	
由于你来晚了，我只好重新再讲一遍。	4-9	
没有书读是件很痛苦的事儿。	4-9	
那么好的朋友都离我而去了，我能不痛苦吗?	4-9	
母爱和父爱是完全不同的。	4-9	
付出的多，得到的也多。	4-9	
王老师工作一生，为学生们付出了他全部的爱。	4-9	
付出钱款。付出劳动。付出代价。	4-9	
学生分角色读;熟练以后也可以分角色表演。	4-9	
有那么严重吗？| 可不是。	4-9	
自从孩子出国以后，家里只有两位老人，实在是太冷清了。	4-9	
教室里一点儿声音也没有，真是安静极了！	4-9	
我到这儿来，就是想清静一下，没想到你们又都跑了过来。	4-9	
看他那伤心的样子，我真的也觉得很痛苦。	4-9	
这几天没什么事儿，觉得很无聊。	4-9	
请爸爸妈妈放心，我一定会好好儿地做。	4-9	
老师和同学们都很关心我，我真的要好好儿地谢谢他们。	4-9	
天天都吵得要死，让我怎么能安心地看书！	4-9	
发音倒没什么，就是汉字实在太难写了。	4-9	
他突然走到我的面前，悄悄地说：“我爱你！”	4-9	
这其实也可以说是另一个方面的问题。	4-9	
由于这个地方实在太冷了，我决定还是回洛杉矶去住。	4-9	
一方面，他很喜欢这里的工作环境，另 一方面，他对这里的生活环境又不习惯。	4-9	
这些压力大多数是来自学生们的家⻓。	4-9	
他们一直不想要小孩，可是最近，突然回心转意，想要生孩子了。	4-9	
我本来不想学习汉语的，可爸爸说会说汉语就可以找到一个好一点儿的工作，为了找到好点儿的工作，我就来上汉语课了。	4-9	
由于学习刻苦、努力，我终于考上了这所著名的大学。	4-9	
呆的时间⻓了，自然而然就会生出很多感情来。	4-9	
观念变了，生活方式自然而然也会跟着改变。	4-9	
他们俩整天呆在一起，互相爱上对方也是自然而然的事情。	4-9	
随着网络的发展，上网自然而然地就成了我们生活的一个重要内容。	4-9	
在北京，很多夫妻不打算生孩子。这可能是由于生孩子会带来某些问题，比如经济方面的问题等。	4-9	
他们要工作，要赚钱，要买车，要买房子，就是不要孩子。	4-9	
这种现象已经让一些人感到不安了，因为，不生孩子会给社会带来很多问题。	4-9	
不过，也有人认为一点儿也不用担心，因为很多年经的丁克家庭都很难坚持到最后。	4-9	
这一方面是因为社会、家庭对他们还是有一定的压力；另一方面，他们自己在情感上也有需要，所以，结婚几年以后，很多人都回心转意，重新回到已经成为新的传统的三口之家的家庭生活。	4-9	
他就是大名鼎鼎的篮球明星乔丹。	4-9	
就这么一双简简单单的筷子，我却怎么也对付不了。	4-9	
家里只有我一个人，整天冷冷清清的，真的很寂寞。	4-9	
来到中国以后，我的汉语自然而然地就学好了。	4-9	
她终于明白了这么一个道理:爱就是付出。	4-9	
41岁的王先生和34岁的赵小姐结婚已经五六年了，他们在旧金山和上海有多所房子，却没有一个小孩。	4-9	
“要一个孩子对我们来说实在是太奢侈了，虽然我们商量过很多次。”在上海一家电脑公司工作的王先生说：“我们一个在上海，一个在旧金山，一年见面的时间加起来还不到100天。”	4-9	
要孩子，还是要事业？中国的年轻家庭正面对新的选择。	4-9	
一项最新调查表明，人们对生孩子的意义还像以前一样抱肯定的态度。关于生孩子的目的，按比例从高到低是：“组成完整家庭”、“带来快乐和爱”、“让父母高兴”，“维系夫妻关系”、“传宗接代”等等。	4-9	
这项调查还表明，“影响精力”（25.4%）、“影响经济能力”（18.6%）“影响工作”（16.7%）和“影响两人世界”（13.6%）等等原因，使生孩子变得越来越让人害怕。	4-9	
复旦大学的一位教授认为：中国“丁克家庭”越来越多，不结婚而住在一起的现象增加，选择自己一个人生活的人越来越多，离婚变得越来越容易，这些变化表明：孩子在维系家庭关系上的作用变得越来越小。	4-9	
水秀的爸爸和万小山的妈妈扛着农具，走在山林中的小路上，他们一边走一边说着话。	4-10	-
别提了，昨天老师又打电话来了，让我今天下午无论如何要去学校一趟。	4-10	
老师说，她小小的年纪，整天和一个小流氓在一起，课也不上，这不，我正打算去呢。	4-10	
我们家小山也一样，老师说他老是逃课，也不知是怎么回事。	4-10	
是啊，现在的孩子也不知是怎么了，昨天还让我狠狠地打了一顿。	4-10	
唉，真是可怜天下父母心！不过，不犯什么大错误，你也别老是打孩子，毕竟也是十三四岁的大姑娘了。	4-10	
我也不想打她，可接到老师的电话，再看看她那个样子，和她妈一个德行，我是越看越生气…	4-10	
你生气了可以打孩子出气，我能怎么样呢？	4-10	
你也应该好好管教管教你们家小山，这孩子现在也越来越不像话了。	4-10	
是啊，我也知道。难道我不想管吗？可我怎么管呢？说什么他都不听。	4-10	
打他？他打我还差不多。十四岁的小伙子，简直像头牛似的，我哪里还打得了他啊？	4-10	
别提他爸，不提他还好，一提起他我就生气，要不是他，小山怎么能变成这样？真是“有其父必有其子”。	4-10	
那棵树后面，那个男孩儿不是你们家小山吗？| 啊，是他，气死我了。	4-10	
万小山很小就没了父亲。当然，这并不是说他的父亲已经死了，他还活得好好儿的，只是成了另一个孩子的爸爸。父母离婚以后，万小山跟着妈妈过。	4-10	
万小山今年14岁，刚上初一，老师讲的内容他觉得很无聊，一点儿也不感兴趣，却偏偏对武侠小说着了迷。由于家里太穷，买不起那么多书，他只好借同学的看。	4-10	
没上过几天学的妈妈见儿子没日没夜地看书，高兴极了，见人就说：“我儿子非常勤奋，非常用功，将来一定能考上大学。”因此，她对儿子抱有很大的希望。	4-10	
然而，万小山却不这样想，他不喜欢上学，因为他觉得，无论老师还是同学们都不喜欢他。他觉得在学校干什么都没有意思。因此，不管是上课还是课后，他不是看武侠小说，就是一个人在那儿发呆。当然，逃课也是常有的事。	4-10	
一天早上，刚下过雨，天很好，空气也特别好。万小山正在上课，看见窗户外面有一个人站在那儿一动也不动，当时，他没怎么注意，继续偷偷地看武侠小说。下课了，同学们告诉他他妈妈来了。	4-10	
他出去一看，才发现那个人竟然就是自己的妈妈。妈妈从有点儿破旧的衣服口袋里拿出一本书，说他把书忘在家里了，怕他上课要用，就赶紧给他送来了。万小山一看，是他的一本武侠小说。唉、真是可怜天下父母心！	4-10	
妈妈走了，看着妈妈的身影，万小山不知道自己应该怎么办。他的新衣服口袋里是一张成绩单。他真不知道，要是妈妈知道了他每门功课的成绩都在20分以下，那会怎么样⋯	4-10	
小王的生日晚会，你无论如何也得参加。	4-10	
饭已经准备好了，无论如何你也得吃完了再走。	4-10	
无论如何也不能少了小王，他可是今天的主角。	4-10	
偏偏喜欢上了一个不喜欢我的人，你说我该怎么办？	4-10	
我在家的时候，你们不来；我走了，你们偏偏又来了。	4-10	
大家都在努力工作，为什么偏偏你一个人在睡大觉？	4-10	
由于大家都很努力，加上老师教得也非常好，因此，同学们的汉语水平提高得都很快。	4-10	
由于准备得很好，因此工作起来非常顺利。	4-10	
我很爱她，然而却不能跟她结婚。	4-10	
她是一个不太漂亮然而却很聪明的姑娘。	4-10	
母亲觉得孩子以后应该成为一个音乐家，然而，孩子却不这样想。	4-10	
你们无论有什么问题，都可以来找我。	4-10	
无论什么课都要好好儿地学习。	4-10	
国家无论大小，都有自己的长处和短处。	4-10	
发怒。发笑。发疯。发火。发脾气。	4-10	
他不怕冷，但很怕热。	4-10	
天很黑，我怕极了。	4-10	
他谁都不怕，只怕女朋友。	4-10	
他常常怕输，却一直都输。	4-10	
妈妈怕他上课要用，就给他送来了。	4-10	
王老师怕你不知道，所以叫我来告诉你。	4-10	
这本书怕（恐怕）有三百页吧。	4-10	
我哪里还看得了书啊?	4-10	
疼都疼死了，哪里还走得了路啊?	4-10	
哪里还离得了婚哪?	4-10	